file,line,type,commit,author,date,time,timezone,datetime,depth,length
style.css,1,css,bdc0aba9,Alyvia-Vaughan,2026-04-09,18:37:27,-07:00,2026-04-09T18:37:27-07:00,0,5
style.css,2,css,bdc0aba9,Alyvia-Vaughan,2026-04-09,18:37:27,-07:00,2026-04-09T18:37:27-07:00,1,45
style.css,3,css,431fa741,Alyvia Vaughan,2026-04-17,16:43:56,-07:00,2026-04-17T16:43:56-07:00,1,23
style.css,4,css,bdc0aba9,Alyvia-Vaughan,2026-04-09,18:37:27,-07:00,2026-04-09T18:37:27-07:00,0,0
style.css,5,css,bdc0aba9,Alyvia-Vaughan,2026-04-09,18:37:27,-07:00,2026-04-09T18:37:27-07:00,0,0
style.css,6,css,bdc0aba9,Alyvia-Vaughan,2026-04-09,18:37:27,-07:00,2026-04-09T18:37:27-07:00,0,4
style.css,7,css,bdc0aba9,Alyvia-Vaughan,2026-04-09,18:37:27,-07:00,2026-04-09T18:37:27-07:00,1,32
style.css,8,css,bdc0aba9,Alyvia-Vaughan,2026-04-09,18:37:27,-07:00,2026-04-09T18:37:27-07:00,0,0
style.css,9,css,bdc0aba9,Alyvia-Vaughan,2026-04-09,18:37:27,-07:00,2026-04-09T18:37:27-07:00,0,0
style.css,10,css,2bfdcaea,Alyvia-Vaughan,2026-04-02,14:36:24,-07:00,2026-04-02T14:36:24-07:00,0,4
style.css,11,css,2bfdcaea,Alyvia-Vaughan,2026-04-02,14:36:24,-07:00,2026-04-02T14:36:24-07:00,1,43
style.css,12,css,2bfdcaea,Alyvia-Vaughan,2026-04-02,14:36:24,-07:00,2026-04-02T14:36:24-07:00,0,42
style.css,13,css,2bfdcaea,Alyvia-Vaughan,2026-04-02,14:36:24,-07:00,2026-04-02T14:36:24-07:00,0,0
style.css,14,css,2bfdcaea,Alyvia-Vaughan,2026-04-02,14:36:24,-07:00,2026-04-02T14:36:24-07:00,1,23
style.css,15,css,bdc0aba9,Alyvia-Vaughan,2026-04-09,18:37:27,-07:00,2026-04-09T18:37:27-07:00,1,15
style.css,16,css,bdc0aba9,Alyvia-Vaughan,2026-04-09,18:37:27,-07:00,2026-04-09T18:37:27-07:00,1,38
style.css,17,css,bdc0aba9,Alyvia-Vaughan,2026-04-09,18:37:27,-07:00,2026-04-09T18:37:27-07:00,1,11
style.css,18,css,bdc0aba9,Alyvia-Vaughan,2026-04-09,18:37:27,-07:00,2026-04-09T18:37:27-07:00,0,0
style.css,19,css,bdc0aba9,Alyvia-Vaughan,2026-04-09,18:37:27,-07:00,2026-04-09T18:37:27-07:00,0,0
style.css,20,css,e4ba3296,Alyvia-Vaughan,2026-04-09,19:28:08,-07:00,2026-04-09T19:28:08-07:00,0,22
style.css,21,css,e4ba3296,Alyvia-Vaughan,2026-04-09,19:28:08,-07:00,2026-04-09T19:28:08-07:00,1,15
style.css,22,css,e4ba3296,Alyvia-Vaughan,2026-04-09,19:28:08,-07:00,2026-04-09T19:28:08-07:00,1,17
style.css,23,css,e4ba3296,Alyvia-Vaughan,2026-04-09,19:28:08,-07:00,2026-04-09T19:28:08-07:00,0,0
style.css,24,css,e4ba3296,Alyvia-Vaughan,2026-04-09,19:28:08,-07:00,2026-04-09T19:28:08-07:00,0,0
style.css,25,css,e4ba3296,Alyvia-Vaughan,2026-04-09,19:28:08,-07:00,2026-04-09T19:28:08-07:00,0,2
style.css,26,css,e4ba3296,Alyvia-Vaughan,2026-04-09,19:28:08,-07:00,2026-04-09T19:28:08-07:00,1,14
style.css,27,css,c41d3bb9,Alyvia-Vaughan,2026-04-09,19:42:57,-07:00,2026-04-09T19:42:57-07:00,1,47
style.css,28,css,e4ba3296,Alyvia-Vaughan,2026-04-09,19:28:08,-07:00,2026-04-09T19:28:08-07:00,0,0
style.css,29,css,e4ba3296,Alyvia-Vaughan,2026-04-09,19:28:08,-07:00,2026-04-09T19:28:08-07:00,0,0
style.css,30,css,bdc0aba9,Alyvia-Vaughan,2026-04-09,18:37:27,-07:00,2026-04-09T18:37:27-07:00,0,5
style.css,31,css,bdc0aba9,Alyvia-Vaughan,2026-04-09,18:37:27,-07:00,2026-04-09T18:37:27-07:00,0,6
style.css,32,css,bdc0aba9,Alyvia-Vaughan,2026-04-09,18:37:27,-07:00,2026-04-09T18:37:27-07:00,1,16
style.css,33,css,bdc0aba9,Alyvia-Vaughan,2026-04-09,18:37:27,-07:00,2026-04-09T18:37:27-07:00,0,0
style.css,34,css,bdc0aba9,Alyvia-Vaughan,2026-04-09,18:37:27,-07:00,2026-04-09T18:37:27-07:00,0,0
style.css,35,css,bdc0aba9,Alyvia-Vaughan,2026-04-09,18:37:27,-07:00,2026-04-09T18:37:27-07:00,0,3
style.css,36,css,bdc0aba9,Alyvia-Vaughan,2026-04-09,18:37:27,-07:00,2026-04-09T18:37:27-07:00,1,12
style.css,37,css,bdc0aba9,Alyvia-Vaughan,2026-04-09,18:37:27,-07:00,2026-04-09T18:37:27-07:00,0,0
style.css,38,css,bdc0aba9,Alyvia-Vaughan,2026-04-09,18:37:27,-07:00,2026-04-09T18:37:27-07:00,0,0
style.css,39,css,bdc0aba9,Alyvia-Vaughan,2026-04-09,18:37:27,-07:00,2026-04-09T18:37:27-07:00,0,5
style.css,40,css,bdc0aba9,Alyvia-Vaughan,2026-04-09,18:37:27,-07:00,2026-04-09T18:37:27-07:00,1,6
style.css,41,css,bdc0aba9,Alyvia-Vaughan,2026-04-09,18:37:27,-07:00,2026-04-09T18:37:27-07:00,1,20
style.css,42,css,bdc0aba9,Alyvia-Vaughan,2026-04-09,18:37:27,-07:00,2026-04-09T18:37:27-07:00,1,13
style.css,43,css,bdc0aba9,Alyvia-Vaughan,2026-04-09,18:37:27,-07:00,2026-04-09T18:37:27-07:00,1,17
style.css,44,css,bdc0aba9,Alyvia-Vaughan,2026-04-09,18:37:27,-07:00,2026-04-09T18:37:27-07:00,1,13
style.css,45,css,bdc0aba9,Alyvia-Vaughan,2026-04-09,18:37:27,-07:00,2026-04-09T18:37:27-07:00,1,17
style.css,46,css,bdc0aba9,Alyvia-Vaughan,2026-04-09,18:37:27,-07:00,2026-04-09T18:37:27-07:00,1,23
style.css,47,css,bdc0aba9,Alyvia-Vaughan,2026-04-09,18:37:27,-07:00,2026-04-09T18:37:27-07:00,1,25
style.css,48,css,431fa741,Alyvia Vaughan,2026-04-17,16:43:56,-07:00,2026-04-17T16:43:56-07:00,1,44
style.css,49,css,bdc0aba9,Alyvia-Vaughan,2026-04-09,18:37:27,-07:00,2026-04-09T18:37:27-07:00,0,0
style.css,50,css,bdc0aba9,Alyvia-Vaughan,2026-04-09,18:37:27,-07:00,2026-04-09T18:37:27-07:00,0,0
style.css,51,css,bdc0aba9,Alyvia-Vaughan,2026-04-09,18:37:27,-07:00,2026-04-09T18:37:27-07:00,0,13
style.css,52,css,bdc0aba9,Alyvia-Vaughan,2026-04-09,18:37:27,-07:00,2026-04-09T18:37:27-07:00,1,25
style.css,53,css,bdc0aba9,Alyvia-Vaughan,2026-04-09,18:37:27,-07:00,2026-04-09T18:37:27-07:00,1,49
style.css,54,css,bdc0aba9,Alyvia-Vaughan,2026-04-09,18:37:27,-07:00,2026-04-09T18:37:27-07:00,1,20
style.css,55,css,bdc0aba9,Alyvia-Vaughan,2026-04-09,18:37:27,-07:00,2026-04-09T18:37:27-07:00,0,0
style.css,56,css,bdc0aba9,Alyvia-Vaughan,2026-04-09,18:37:27,-07:00,2026-04-09T18:37:27-07:00,0,0
style.css,57,css,bdc0aba9,Alyvia-Vaughan,2026-04-09,18:37:27,-07:00,2026-04-09T18:37:27-07:00,0,10
style.css,58,css,bdc0aba9,Alyvia-Vaughan,2026-04-09,18:37:27,-07:00,2026-04-09T18:37:27-07:00,1,25
style.css,59,css,bdc0aba9,Alyvia-Vaughan,2026-04-09,18:37:27,-07:00,2026-04-09T18:37:27-07:00,1,39
style.css,60,css,bdc0aba9,Alyvia-Vaughan,2026-04-09,18:37:27,-07:00,2026-04-09T18:37:27-07:00,1,25
style.css,61,css,bdc0aba9,Alyvia-Vaughan,2026-04-09,18:37:27,-07:00,2026-04-09T18:37:27-07:00,1,20
style.css,62,css,431fa741,Alyvia Vaughan,2026-04-17,16:43:56,-07:00,2026-04-17T16:43:56-07:00,1,69
style.css,63,css,e4ba3296,Alyvia-Vaughan,2026-04-09,19:28:08,-07:00,2026-04-09T19:28:08-07:00,0,0
style.css,64,css,e4ba3296,Alyvia-Vaughan,2026-04-09,19:28:08,-07:00,2026-04-09T19:28:08-07:00,0,0
style.css,65,css,e4ba3296,Alyvia-Vaughan,2026-04-09,19:28:08,-07:00,2026-04-09T19:28:08-07:00,0,4
style.css,66,css,e4ba3296,Alyvia-Vaughan,2026-04-09,19:28:08,-07:00,2026-04-09T19:28:08-07:00,0,7
style.css,67,css,e4ba3296,Alyvia-Vaughan,2026-04-09,19:28:08,-07:00,2026-04-09T19:28:08-07:00,0,6
style.css,68,css,e4ba3296,Alyvia-Vaughan,2026-04-09,19:28:08,-07:00,2026-04-09T19:28:08-07:00,1,12
style.css,69,css,e4ba3296,Alyvia-Vaughan,2026-04-09,19:28:08,-07:00,2026-04-09T19:28:08-07:00,0,0
style.css,70,css,e4ba3296,Alyvia-Vaughan,2026-04-09,19:28:08,-07:00,2026-04-09T19:28:08-07:00,0,0
style.css,71,css,e4ba3296,Alyvia-Vaughan,2026-04-09,19:28:08,-07:00,2026-04-09T19:28:08-07:00,0,4
style.css,72,css,e4ba3296,Alyvia-Vaughan,2026-04-09,19:28:08,-07:00,2026-04-09T19:28:08-07:00,1,12
style.css,73,css,e4ba3296,Alyvia-Vaughan,2026-04-09,19:28:08,-07:00,2026-04-09T19:28:08-07:00,1,30
style.css,74,css,e4ba3296,Alyvia-Vaughan,2026-04-09,19:28:08,-07:00,2026-04-09T19:28:08-07:00,1,7
style.css,75,css,e4ba3296,Alyvia-Vaughan,2026-04-09,19:28:08,-07:00,2026-04-09T19:28:08-07:00,0,0
style.css,76,css,e4ba3296,Alyvia-Vaughan,2026-04-09,19:28:08,-07:00,2026-04-09T19:28:08-07:00,0,0
style.css,77,css,e4ba3296,Alyvia-Vaughan,2026-04-09,19:28:08,-07:00,2026-04-09T19:28:08-07:00,0,10
style.css,78,css,e4ba3296,Alyvia-Vaughan,2026-04-09,19:28:08,-07:00,2026-04-09T19:28:08-07:00,1,12
style.css,79,css,e4ba3296,Alyvia-Vaughan,2026-04-09,19:28:08,-07:00,2026-04-09T19:28:08-07:00,1,29
style.css,80,css,e4ba3296,Alyvia-Vaughan,2026-04-09,19:28:08,-07:00,2026-04-09T19:28:08-07:00,1,16
style.css,81,css,e4ba3296,Alyvia-Vaughan,2026-04-09,19:28:08,-07:00,2026-04-09T19:28:08-07:00,0,0
style.css,82,css,e4ba3296,Alyvia-Vaughan,2026-04-09,19:28:08,-07:00,2026-04-09T19:28:08-07:00,0,0
style.css,83,css,e4ba3296,Alyvia-Vaughan,2026-04-09,19:28:08,-07:00,2026-04-09T19:28:08-07:00,0,9
style.css,84,css,e4ba3296,Alyvia-Vaughan,2026-04-09,19:28:08,-07:00,2026-04-09T19:28:08-07:00,0,13
style.css,85,css,e4ba3296,Alyvia-Vaughan,2026-04-09,19:28:08,-07:00,2026-04-09T19:28:08-07:00,1,10
style.css,86,css,e4ba3296,Alyvia-Vaughan,2026-04-09,19:28:08,-07:00,2026-04-09T19:28:08-07:00,1,21
style.css,87,css,e4ba3296,Alyvia-Vaughan,2026-04-09,19:28:08,-07:00,2026-04-09T19:28:08-07:00,0,0
style.css,88,css,e4ba3296,Alyvia-Vaughan,2026-04-09,19:28:08,-07:00,2026-04-09T19:28:08-07:00,0,0
style.css,89,css,e4ba3296,Alyvia-Vaughan,2026-04-09,19:28:08,-07:00,2026-04-09T19:28:08-07:00,0,26
style.css,90,css,e4ba3296,Alyvia-Vaughan,2026-04-09,19:28:08,-07:00,2026-04-09T19:28:08-07:00,1,18
style.css,91,css,e4ba3296,Alyvia-Vaughan,2026-04-09,19:28:08,-07:00,2026-04-09T19:28:08-07:00,0,0
style.css,92,css,e4ba3296,Alyvia-Vaughan,2026-04-09,19:28:08,-07:00,2026-04-09T19:28:08-07:00,0,0
style.css,93,css,e4ba3296,Alyvia-Vaughan,2026-04-09,19:28:08,-07:00,2026-04-09T19:28:08-07:00,0,9
style.css,94,css,e4ba3296,Alyvia-Vaughan,2026-04-09,19:28:08,-07:00,2026-04-09T19:28:08-07:00,1,12
style.css,95,css,e4ba3296,Alyvia-Vaughan,2026-04-09,19:28:08,-07:00,2026-04-09T19:28:08-07:00,1,57
style.css,96,css,e4ba3296,Alyvia-Vaughan,2026-04-09,19:28:08,-07:00,2026-04-09T19:28:08-07:00,1,7
style.css,97,css,e4ba3296,Alyvia-Vaughan,2026-04-09,19:28:08,-07:00,2026-04-09T19:28:08-07:00,1,8
style.css,98,css,e4ba3296,Alyvia-Vaughan,2026-04-09,19:28:08,-07:00,2026-04-09T19:28:08-07:00,1,9
style.css,99,css,e4ba3296,Alyvia-Vaughan,2026-04-09,19:28:08,-07:00,2026-04-09T19:28:08-07:00,0,0
style.css,100,css,e4ba3296,Alyvia-Vaughan,2026-04-09,19:28:08,-07:00,2026-04-09T19:28:08-07:00,0,0
style.css,101,css,e4ba3296,Alyvia-Vaughan,2026-04-09,19:28:08,-07:00,2026-04-09T19:28:08-07:00,0,17
style.css,102,css,8cf84430,Alyvia-Vaughan,2026-04-09,19:47:39,-07:00,2026-04-09T19:47:39-07:00,1,12
style.css,103,css,e4ba3296,Alyvia-Vaughan,2026-04-09,19:28:08,-07:00,2026-04-09T19:28:08-07:00,1,26
style.css,104,css,e4ba3296,Alyvia-Vaughan,2026-04-09,19:28:08,-07:00,2026-04-09T19:28:08-07:00,1,15
style.css,105,css,e4ba3296,Alyvia-Vaughan,2026-04-09,19:28:08,-07:00,2026-04-09T19:28:08-07:00,1,9
style.css,106,css,e4ba3296,Alyvia-Vaughan,2026-04-09,19:28:08,-07:00,2026-04-09T19:28:08-07:00,0,0
style.css,107,css,e4ba3296,Alyvia-Vaughan,2026-04-09,19:28:08,-07:00,2026-04-09T19:28:08-07:00,0,0
style.css,108,css,e4ba3296,Alyvia-Vaughan,2026-04-09,19:28:08,-07:00,2026-04-09T19:28:08-07:00,0,20
style.css,109,css,e4ba3296,Alyvia-Vaughan,2026-04-09,19:28:08,-07:00,2026-04-09T19:28:08-07:00,1,8
style.css,110,css,e4ba3296,Alyvia-Vaughan,2026-04-09,19:28:08,-07:00,2026-04-09T19:28:08-07:00,0,0
style.css,111,css,e4ba3296,Alyvia-Vaughan,2026-04-09,19:28:08,-07:00,2026-04-09T19:28:08-07:00,0,0
style.css,112,css,e4ba3296,Alyvia-Vaughan,2026-04-09,19:28:08,-07:00,2026-04-09T19:28:08-07:00,0,21
style.css,113,css,e4ba3296,Alyvia-Vaughan,2026-04-09,19:28:08,-07:00,2026-04-09T19:28:08-07:00,1,10
style.css,114,css,e4ba3296,Alyvia-Vaughan,2026-04-09,19:28:08,-07:00,2026-04-09T19:28:08-07:00,1,19
style.css,115,css,e4ba3296,Alyvia-Vaughan,2026-04-09,19:28:08,-07:00,2026-04-09T19:28:08-07:00,1,16
style.css,116,css,755f85de,Alyvia-Vaughan,2026-04-09,19:40:50,-07:00,2026-04-09T19:40:50-07:00,0,0
style.css,117,css,755f85de,Alyvia-Vaughan,2026-04-09,19:40:50,-07:00,2026-04-09T19:40:50-07:00,0,0
style.css,118,css,755f85de,Alyvia-Vaughan,2026-04-09,19:40:50,-07:00,2026-04-09T19:40:50-07:00,0,13
style.css,119,css,755f85de,Alyvia-Vaughan,2026-04-09,19:40:50,-07:00,2026-04-09T19:40:50-07:00,0,12
style.css,120,css,755f85de,Alyvia-Vaughan,2026-04-09,19:40:50,-07:00,2026-04-09T19:40:50-07:00,0,10
style.css,121,css,755f85de,Alyvia-Vaughan,2026-04-09,19:40:50,-07:00,2026-04-09T19:40:50-07:00,1,43
style.css,122,css,755f85de,Alyvia-Vaughan,2026-04-09,19:40:50,-07:00,2026-04-09T19:40:50-07:00,1,20
style.css,123,css,755f85de,Alyvia-Vaughan,2026-04-09,19:40:50,-07:00,2026-04-09T19:40:50-07:00,1,16
style.css,124,css,755f85de,Alyvia-Vaughan,2026-04-09,19:40:50,-07:00,2026-04-09T19:40:50-07:00,0,0
style.css,125,css,755f85de,Alyvia-Vaughan,2026-04-09,19:40:50,-07:00,2026-04-09T19:40:50-07:00,0,0
style.css,126,css,755f85de,Alyvia-Vaughan,2026-04-09,19:40:50,-07:00,2026-04-09T19:40:50-07:00,0,15
style.css,127,css,755f85de,Alyvia-Vaughan,2026-04-09,19:40:50,-07:00,2026-04-09T19:40:50-07:00,1,47
style.css,128,css,755f85de,Alyvia-Vaughan,2026-04-09,19:40:50,-07:00,2026-04-09T19:40:50-07:00,1,19
style.css,129,css,755f85de,Alyvia-Vaughan,2026-04-09,19:40:50,-07:00,2026-04-09T19:40:50-07:00,0,0
style.css,130,css,755f85de,Alyvia-Vaughan,2026-04-09,19:40:50,-07:00,2026-04-09T19:40:50-07:00,0,0
style.css,131,css,755f85de,Alyvia-Vaughan,2026-04-09,19:40:50,-07:00,2026-04-09T19:40:50-07:00,0,21
style.css,132,css,755f85de,Alyvia-Vaughan,2026-04-09,19:40:50,-07:00,2026-04-09T19:40:50-07:00,1,15
style.css,133,css,755f85de,Alyvia-Vaughan,2026-04-09,19:40:50,-07:00,2026-04-09T19:40:50-07:00,1,23
style.css,134,css,755f85de,Alyvia-Vaughan,2026-04-09,19:40:50,-07:00,2026-04-09T19:40:50-07:00,1,14
style.css,135,css,755f85de,Alyvia-Vaughan,2026-04-09,19:40:50,-07:00,2026-04-09T19:40:50-07:00,0,0
style.css,136,css,755f85de,Alyvia-Vaughan,2026-04-09,19:40:50,-07:00,2026-04-09T19:40:50-07:00,0,0
style.css,137,css,755f85de,Alyvia-Vaughan,2026-04-09,19:40:50,-07:00,2026-04-09T19:40:50-07:00,0,9
style.css,138,css,755f85de,Alyvia-Vaughan,2026-04-09,19:40:50,-07:00,2026-04-09T19:40:50-07:00,1,12
style.css,139,css,755f85de,Alyvia-Vaughan,2026-04-09,19:40:50,-07:00,2026-04-09T19:40:50-07:00,1,14
style.css,140,css,755f85de,Alyvia-Vaughan,2026-04-09,19:40:50,-07:00,2026-04-09T19:40:50-07:00,1,9
style.css,141,css,755f85de,Alyvia-Vaughan,2026-04-09,19:40:50,-07:00,2026-04-09T19:40:50-07:00,1,9
style.css,142,css,755f85de,Alyvia-Vaughan,2026-04-09,19:40:50,-07:00,2026-04-09T19:40:50-07:00,1,15
style.css,143,css,755f85de,Alyvia-Vaughan,2026-04-09,19:40:50,-07:00,2026-04-09T19:40:50-07:00,0,0
style.css,144,css,755f85de,Alyvia-Vaughan,2026-04-09,19:40:50,-07:00,2026-04-09T19:40:50-07:00,0,0
style.css,145,css,755f85de,Alyvia-Vaughan,2026-04-09,19:40:50,-07:00,2026-04-09T19:40:50-07:00,0,12
style.css,146,css,755f85de,Alyvia-Vaughan,2026-04-09,19:40:50,-07:00,2026-04-09T19:40:50-07:00,1,57
style.css,147,css,755f85de,Alyvia-Vaughan,2026-04-09,19:40:50,-07:00,2026-04-09T19:40:50-07:00,1,47
style.css,148,css,755f85de,Alyvia-Vaughan,2026-04-09,19:40:50,-07:00,2026-04-09T19:40:50-07:00,1,21
style.css,149,css,755f85de,Alyvia-Vaughan,2026-04-09,19:40:50,-07:00,2026-04-09T19:40:50-07:00,1,19
style.css,150,css,755f85de,Alyvia-Vaughan,2026-04-09,19:40:50,-07:00,2026-04-09T19:40:50-07:00,1,15
style.css,151,css,755f85de,Alyvia-Vaughan,2026-04-09,19:40:50,-07:00,2026-04-09T19:40:50-07:00,0,0
style.css,152,css,755f85de,Alyvia-Vaughan,2026-04-09,19:40:50,-07:00,2026-04-09T19:40:50-07:00,0,0
style.css,153,css,755f85de,Alyvia-Vaughan,2026-04-09,19:40:50,-07:00,2026-04-09T19:40:50-07:00,0,14
style.css,154,css,755f85de,Alyvia-Vaughan,2026-04-09,19:40:50,-07:00,2026-04-09T19:40:50-07:00,1,12
style.css,155,css,755f85de,Alyvia-Vaughan,2026-04-09,19:40:50,-07:00,2026-04-09T19:40:50-07:00,1,14
style.css,156,css,755f85de,Alyvia-Vaughan,2026-04-09,19:40:50,-07:00,2026-04-09T19:40:50-07:00,1,13
style.css,157,css,755f85de,Alyvia-Vaughan,2026-04-09,19:40:50,-07:00,2026-04-09T19:40:50-07:00,1,11
style.css,158,css,755f85de,Alyvia-Vaughan,2026-04-09,19:40:50,-07:00,2026-04-09T19:40:50-07:00,1,57
style.css,159,css,755f85de,Alyvia-Vaughan,2026-04-09,19:40:50,-07:00,2026-04-09T19:40:50-07:00,1,19
style.css,160,css,755f85de,Alyvia-Vaughan,2026-04-09,19:40:50,-07:00,2026-04-09T19:40:50-07:00,1,17
style.css,161,css,755f85de,Alyvia-Vaughan,2026-04-09,19:40:50,-07:00,2026-04-09T19:40:50-07:00,1,22
style.css,162,css,755f85de,Alyvia-Vaughan,2026-04-09,19:40:50,-07:00,2026-04-09T19:40:50-07:00,1,18
style.css,163,css,755f85de,Alyvia-Vaughan,2026-04-09,19:40:50,-07:00,2026-04-09T19:40:50-07:00,0,0
style.css,164,css,755f85de,Alyvia-Vaughan,2026-04-09,19:40:50,-07:00,2026-04-09T19:40:50-07:00,0,0
style.css,165,css,755f85de,Alyvia-Vaughan,2026-04-09,19:40:50,-07:00,2026-04-09T19:40:50-07:00,0,16
style.css,166,css,755f85de,Alyvia-Vaughan,2026-04-09,19:40:50,-07:00,2026-04-09T19:40:50-07:00,1,8
style.css,167,css,431fa741,Alyvia Vaughan,2026-04-17,16:43:56,-07:00,2026-04-17T16:43:56-07:00,0,0
style.css,168,css,431fa741,Alyvia Vaughan,2026-04-17,16:43:56,-07:00,2026-04-17T16:43:56-07:00,0,0
style.css,169,css,431fa741,Alyvia Vaughan,2026-04-17,16:43:56,-07:00,2026-04-17T16:43:56-07:00,0,13
style.css,170,css,431fa741,Alyvia Vaughan,2026-04-17,16:43:56,-07:00,2026-04-17T16:43:56-07:00,1,17
style.css,171,css,431fa741,Alyvia Vaughan,2026-04-17,16:43:56,-07:00,2026-04-17T16:43:56-07:00,1,7
style.css,172,css,431fa741,Alyvia Vaughan,2026-04-17,16:43:56,-07:00,2026-04-17T16:43:56-07:00,1,9
style.css,173,css,431fa741,Alyvia Vaughan,2026-04-17,16:43:56,-07:00,2026-04-17T16:43:56-07:00,1,13
style.css,174,css,431fa741,Alyvia Vaughan,2026-04-17,16:43:56,-07:00,2026-04-17T16:43:56-07:00,0,0
style.css,175,css,431fa741,Alyvia Vaughan,2026-04-17,16:43:56,-07:00,2026-04-17T16:43:56-07:00,0,0
style.css,176,css,431fa741,Alyvia Vaughan,2026-04-17,16:43:56,-07:00,2026-04-17T16:43:56-07:00,0,20
style.css,177,css,431fa741,Alyvia Vaughan,2026-04-17,16:43:56,-07:00,2026-04-17T16:43:56-07:00,1,12
style.css,178,css,939d275c,Alyvia Vaughan,2026-04-23,22:10:03,-07:00,2026-04-23T22:10:03-07:00,0,0
style.css,179,css,939d275c,Alyvia Vaughan,2026-04-23,22:10:03,-07:00,2026-04-23T22:10:03-07:00,0,0
style.css,180,css,939d275c,Alyvia Vaughan,2026-04-23,22:10:03,-07:00,2026-04-23T22:10:03-07:00,0,17
style.css,181,css,939d275c,Alyvia Vaughan,2026-04-23,22:10:03,-07:00,2026-04-23T22:10:03-07:00,1,12
style.css,182,css,939d275c,Alyvia Vaughan,2026-04-23,22:10:03,-07:00,2026-04-23T22:10:03-07:00,1,36
style.css,183,css,939d275c,Alyvia Vaughan,2026-04-23,22:10:03,-07:00,2026-04-23T22:10:03-07:00,0,0
style.css,184,css,939d275c,Alyvia Vaughan,2026-04-23,22:10:03,-07:00,2026-04-23T22:10:03-07:00,0,0
style.css,185,css,939d275c,Alyvia Vaughan,2026-04-23,22:10:03,-07:00,2026-04-23T22:10:03-07:00,0,17
style.css,186,css,939d275c,Alyvia Vaughan,2026-04-23,22:10:03,-07:00,2026-04-23T22:10:03-07:00,1,10
style.css,187,css,939d275c,Alyvia Vaughan,2026-04-23,22:10:03,-07:00,2026-04-23T22:10:03-07:00,1,16
style.css,188,css,939d275c,Alyvia Vaughan,2026-04-23,22:10:03,-07:00,2026-04-23T22:10:03-07:00,0,0
style.css,189,css,939d275c,Alyvia Vaughan,2026-04-23,22:10:03,-07:00,2026-04-23T22:10:03-07:00,0,0
style.css,190,css,939d275c,Alyvia Vaughan,2026-04-23,22:10:03,-07:00,2026-04-23T22:10:03-07:00,0,17
style.css,191,css,939d275c,Alyvia Vaughan,2026-04-23,22:10:03,-07:00,2026-04-23T22:10:03-07:00,1,10
style.css,192,css,939d275c,Alyvia Vaughan,2026-04-23,22:10:03,-07:00,2026-04-23T22:10:03-07:00,1,8
style.css,193,css,c9e61e03,Alyvia Vaughan,2026-04-30,17:39:30,-07:00,2026-04-30T17:39:30-07:00,0,0
style.css,194,css,c9e61e03,Alyvia Vaughan,2026-04-30,17:39:30,-07:00,2026-04-30T17:39:30-07:00,0,0
style.css,195,css,c9e61e03,Alyvia Vaughan,2026-04-30,17:39:30,-07:00,2026-04-30T17:39:30-07:00,0,13
style.css,196,css,c9e61e03,Alyvia Vaughan,2026-04-30,17:39:30,-07:00,2026-04-30T17:39:30-07:00,1,30
style.css,197,css,c9e61e03,Alyvia Vaughan,2026-04-30,17:39:30,-07:00,2026-04-30T17:39:30-07:00,1,34
style.css,198,css,c9e61e03,Alyvia Vaughan,2026-04-30,17:39:30,-07:00,2026-04-30T17:39:30-07:00,1,10
style.css,199,css,808dc90b,Alyvia Vaughan,2026-04-30,17:56:07,-07:00,2026-04-30T17:56:07-07:00,0,0
style.css,200,css,808dc90b,Alyvia Vaughan,2026-04-30,17:56:07,-07:00,2026-04-30T17:56:07-07:00,0,0
style.css,201,css,808dc90b,Alyvia Vaughan,2026-04-30,17:56:07,-07:00,2026-04-30T17:56:07-07:00,0,18
style.css,202,css,808dc90b,Alyvia Vaughan,2026-04-30,17:56:07,-07:00,2026-04-30T17:56:07-07:00,1,14
style.css,203,css,808dc90b,Alyvia Vaughan,2026-04-30,17:56:07,-07:00,2026-04-30T17:56:07-07:00,1,16
style.css,204,css,808dc90b,Alyvia Vaughan,2026-04-30,17:56:07,-07:00,2026-04-30T17:56:07-07:00,1,16
style.css,205,css,4f48481f,Alyvia Vaughan,2026-05-01,18:51:13,-07:00,2026-05-01T18:51:13-07:00,1,0
style.css,206,css,4f48481f,Alyvia Vaughan,2026-05-01,18:51:13,-07:00,2026-05-01T18:51:13-07:00,1,4
style.css,207,css,4f48481f,Alyvia Vaughan,2026-05-01,18:51:13,-07:00,2026-05-01T18:51:13-07:00,2,16
style.css,208,css,4f48481f,Alyvia Vaughan,2026-05-01,18:51:13,-07:00,2026-05-01T18:51:13-07:00,2,14
style.css,209,css,4f48481f,Alyvia Vaughan,2026-05-01,18:51:13,-07:00,2026-05-01T18:51:13-07:00,1,0
style.css,210,css,4f48481f,Alyvia Vaughan,2026-05-01,18:51:13,-07:00,2026-05-01T18:51:13-07:00,0,0
style.css,211,css,4f48481f,Alyvia Vaughan,2026-05-01,18:51:13,-07:00,2026-05-01T18:51:13-07:00,1,17
style.css,212,css,4f48481f,Alyvia Vaughan,2026-05-01,18:51:13,-07:00,2026-05-01T18:51:13-07:00,2,16
style.css,213,css,4f48481f,Alyvia Vaughan,2026-05-01,18:51:13,-07:00,2026-05-01T18:51:13-07:00,3,11
style.css,214,css,4f48481f,Alyvia Vaughan,2026-05-01,18:51:13,-07:00,2026-05-01T18:51:13-07:00,2,0
style.css,215,css,4f48481f,Alyvia Vaughan,2026-05-01,18:51:13,-07:00,2026-05-01T18:51:13-07:00,1,0
style.css,216,css,0d528ebf,Alyvia Vaughan,2026-05-01,12:36:24,-07:00,2026-05-01T12:36:24-07:00,0,0
style.css,217,css,0d528ebf,Alyvia Vaughan,2026-05-01,12:36:24,-07:00,2026-05-01T12:36:24-07:00,0,0
style.css,218,css,0d528ebf,Alyvia Vaughan,2026-05-01,12:36:24,-07:00,2026-05-01T12:36:24-07:00,0,7
style.css,219,css,0d528ebf,Alyvia Vaughan,2026-05-01,12:36:24,-07:00,2026-05-01T12:36:24-07:00,1,12
style.css,220,css,0d528ebf,Alyvia Vaughan,2026-05-01,12:36:24,-07:00,2026-05-01T12:36:24-07:00,1,57
style.css,221,css,0d528ebf,Alyvia Vaughan,2026-05-01,12:36:24,-07:00,2026-05-01T12:36:24-07:00,1,7
style.css,222,css,0d528ebf,Alyvia Vaughan,2026-05-01,12:36:24,-07:00,2026-05-01T12:36:24-07:00,1,11
style.css,223,css,0d528ebf,Alyvia Vaughan,2026-05-01,12:36:24,-07:00,2026-05-01T12:36:24-07:00,1,21
style.css,224,css,0d528ebf,Alyvia Vaughan,2026-05-01,12:36:24,-07:00,2026-05-01T12:36:24-07:00,0,0
style.css,225,css,0d528ebf,Alyvia Vaughan,2026-05-01,12:36:24,-07:00,2026-05-01T12:36:24-07:00,0,0
style.css,226,css,0d528ebf,Alyvia Vaughan,2026-05-01,12:36:24,-07:00,2026-05-01T12:36:24-07:00,0,12
style.css,227,css,0d528ebf,Alyvia Vaughan,2026-05-01,12:36:24,-07:00,2026-05-01T12:36:24-07:00,1,12
style.css,228,css,0d528ebf,Alyvia Vaughan,2026-05-01,12:36:24,-07:00,2026-05-01T12:36:24-07:00,1,18
style.css,229,css,0d528ebf,Alyvia Vaughan,2026-05-01,12:36:24,-07:00,2026-05-01T12:36:24-07:00,1,9
style.css,230,css,0d528ebf,Alyvia Vaughan,2026-05-01,12:36:24,-07:00,2026-05-01T12:36:24-07:00,0,0
style.css,231,css,0d528ebf,Alyvia Vaughan,2026-05-01,12:36:24,-07:00,2026-05-01T12:36:24-07:00,0,0
style.css,232,css,0d528ebf,Alyvia Vaughan,2026-05-01,12:36:24,-07:00,2026-05-01T12:36:24-07:00,0,7
style.css,233,css,0d528ebf,Alyvia Vaughan,2026-05-01,12:36:24,-07:00,2026-05-01T12:36:24-07:00,1,20
style.css,234,css,0d528ebf,Alyvia Vaughan,2026-05-01,12:36:24,-07:00,2026-05-01T12:36:24-07:00,1,9
style.css,235,css,0d528ebf,Alyvia Vaughan,2026-05-01,12:36:24,-07:00,2026-05-01T12:36:24-07:00,1,18
style.css,236,css,0d528ebf,Alyvia Vaughan,2026-05-01,12:36:24,-07:00,2026-05-01T12:36:24-07:00,1,29
style.css,237,css,0d528ebf,Alyvia Vaughan,2026-05-01,12:36:24,-07:00,2026-05-01T12:36:24-07:00,1,17
style.css,238,css,0d528ebf,Alyvia Vaughan,2026-05-01,12:36:24,-07:00,2026-05-01T12:36:24-07:00,0,0
style.css,239,css,0d528ebf,Alyvia Vaughan,2026-05-01,12:36:24,-07:00,2026-05-01T12:36:24-07:00,0,0
style.css,240,css,0d528ebf,Alyvia Vaughan,2026-05-01,12:36:24,-07:00,2026-05-01T12:36:24-07:00,0,10
style.css,241,css,0d528ebf,Alyvia Vaughan,2026-05-01,12:36:24,-07:00,2026-05-01T12:36:24-07:00,1,12
style.css,242,css,0d528ebf,Alyvia Vaughan,2026-05-01,12:36:24,-07:00,2026-05-01T12:36:24-07:00,1,18
style.css,243,css,0d528ebf,Alyvia Vaughan,2026-05-01,12:36:24,-07:00,2026-05-01T12:36:24-07:00,1,7
style.css,244,css,0d528ebf,Alyvia Vaughan,2026-05-01,12:36:24,-07:00,2026-05-01T12:36:24-07:00,0,0
style.css,245,css,4f48481f,Alyvia Vaughan,2026-05-01,18:51:13,-07:00,2026-05-01T18:51:13-07:00,0,18
style.css,246,css,4f48481f,Alyvia Vaughan,2026-05-01,18:51:13,-07:00,2026-05-01T18:51:13-07:00,0,0
style.css,247,css,4f48481f,Alyvia Vaughan,2026-05-01,18:51:13,-07:00,2026-05-01T18:51:13-07:00,0,9
style.css,248,css,4f48481f,Alyvia Vaughan,2026-05-01,18:51:13,-07:00,2026-05-01T18:51:13-07:00,1,35
style.css,249,css,4f48481f,Alyvia Vaughan,2026-05-01,18:51:13,-07:00,2026-05-01T18:51:13-07:00,0,0
style.css,250,css,4f48481f,Alyvia Vaughan,2026-05-01,18:51:13,-07:00,2026-05-01T18:51:13-07:00,0,0
style.css,251,css,4f48481f,Alyvia Vaughan,2026-05-01,18:51:13,-07:00,2026-05-01T18:51:13-07:00,0,18
style.css,252,css,4f48481f,Alyvia Vaughan,2026-05-01,18:51:13,-07:00,2026-05-01T18:51:13-07:00,1,17
style.css,253,css,4f48481f,Alyvia Vaughan,2026-05-01,18:51:13,-07:00,2026-05-01T18:51:13-07:00,0,0
index.js,1,js,939d275c,Alyvia Vaughan,2026-04-23,22:10:03,-07:00,2026-04-23T22:10:03-07:00,0,70
index.js,2,js,939d275c,Alyvia Vaughan,2026-04-23,22:10:03,-07:00,2026-04-23T22:10:03-07:00,0,0
index.js,3,js,939d275c,Alyvia Vaughan,2026-04-23,22:10:03,-07:00,2026-04-23T22:10:03-07:00,0,54
index.js,4,js,939d275c,Alyvia Vaughan,2026-04-23,22:10:03,-07:00,2026-04-23T22:10:03-07:00,0,42
index.js,5,js,939d275c,Alyvia Vaughan,2026-04-23,22:10:03,-07:00,2026-04-23T22:10:03-07:00,0,0
index.js,6,js,939d275c,Alyvia Vaughan,2026-04-23,22:10:03,-07:00,2026-04-23T22:10:03-07:00,0,60
index.js,7,js,939d275c,Alyvia Vaughan,2026-04-23,22:10:03,-07:00,2026-04-23T22:10:03-07:00,0,54
index.js,8,js,939d275c,Alyvia Vaughan,2026-04-23,22:10:03,-07:00,2026-04-23T22:10:03-07:00,0,0
index.js,9,js,939d275c,Alyvia Vaughan,2026-04-23,22:10:03,-07:00,2026-04-23T22:10:03-07:00,0,57
index.js,10,js,939d275c,Alyvia Vaughan,2026-04-23,22:10:03,-07:00,2026-04-23T22:10:03-07:00,0,0
index.js,11,js,939d275c,Alyvia Vaughan,2026-04-23,22:10:03,-07:00,2026-04-23T22:10:03-07:00,0,60
index.js,12,js,939d275c,Alyvia Vaughan,2026-04-23,22:10:03,-07:00,2026-04-23T22:10:03-07:00,0,0
index.js,13,js,939d275c,Alyvia Vaughan,2026-04-23,22:10:03,-07:00,2026-04-23T22:10:03-07:00,0,17
index.js,14,js,939d275c,Alyvia Vaughan,2026-04-23,22:10:03,-07:00,2026-04-23T22:10:03-07:00,1,24
index.js,15,js,939d275c,Alyvia Vaughan,2026-04-23,22:10:03,-07:00,2026-04-23T22:10:03-07:00,2,2
index.js,16,js,939d275c,Alyvia Vaughan,2026-04-23,22:10:03,-07:00,2026-04-23T22:10:03-07:00,3,55
index.js,17,js,939d275c,Alyvia Vaughan,2026-04-23,22:10:03,-07:00,2026-04-23T22:10:03-07:00,3,55
index.js,18,js,939d275c,Alyvia Vaughan,2026-04-23,22:10:03,-07:00,2026-04-23T22:10:03-07:00,3,49
index.js,19,js,939d275c,Alyvia Vaughan,2026-04-23,22:10:03,-07:00,2026-04-23T22:10:03-07:00,3,49
index.js,20,js,939d275c,Alyvia Vaughan,2026-04-23,22:10:03,-07:00,2026-04-23T22:10:03-07:00,2,3
index.js,21,js,939d275c,Alyvia Vaughan,2026-04-23,22:10:03,-07:00,2026-04-23T22:10:03-07:00,1,0
index.js,22,js,939d275c,Alyvia Vaughan,2026-04-23,22:10:03,-07:00,2026-04-23T22:10:03-07:00,0,0
index.html,1,html,fffe2bcd,Alyvia-Vaughan,2026-04-02,13:44:07,-07:00,2026-04-02T13:44:07-07:00,0,13
index.html,2,html,fffe2bcd,Alyvia-Vaughan,2026-04-02,13:44:07,-07:00,2026-04-02T13:44:07-07:00,0,14
index.html,3,html,fffe2bcd,Alyvia-Vaughan,2026-04-02,13:44:07,-07:00,2026-04-02T13:44:07-07:00,0,4
index.html,4,html,fffe2bcd,Alyvia-Vaughan,2026-04-02,13:44:07,-07:00,2026-04-02T13:44:07-07:00,2,20
index.html,5,html,fffe2bcd,Alyvia-Vaughan,2026-04-02,13:44:07,-07:00,2026-04-02T13:44:07-07:00,2,68
index.html,6,html,fffe2bcd,Alyvia-Vaughan,2026-04-02,13:44:07,-07:00,2026-04-02T13:44:07-07:00,2,56
index.html,7,html,bdc0aba9,Alyvia-Vaughan,2026-04-09,18:37:27,-07:00,2026-04-09T18:37:27-07:00,2,38
index.html,8,html,98d795bd,Alyvia Vaughan,2026-04-17,15:37:59,-07:00,2026-04-17T15:37:59-07:00,2,46
index.html,9,html,939d275c,Alyvia Vaughan,2026-04-23,22:10:03,-07:00,2026-04-23T22:10:03-07:00,2,44
index.html,10,html,fffe2bcd,Alyvia-Vaughan,2026-04-02,13:44:07,-07:00,2026-04-02T13:44:07-07:00,0,5
index.html,11,html,fffe2bcd,Alyvia-Vaughan,2026-04-02,13:44:07,-07:00,2026-04-02T13:44:07-07:00,0,4
index.html,12,html,bdc0aba9,Alyvia-Vaughan,2026-04-09,18:37:27,-07:00,2026-04-09T18:37:27-07:00,0,0
index.html,13,html,bdc0aba9,Alyvia-Vaughan,2026-04-09,18:37:27,-07:00,2026-04-09T18:37:27-07:00,2,21
index.html,14,html,e4ba3296,Alyvia-Vaughan,2026-04-09,19:28:08,-07:00,2026-04-09T19:28:08-07:00,2,225
index.html,15,html,bdc0aba9,Alyvia-Vaughan,2026-04-09,18:37:27,-07:00,2026-04-09T18:37:27-07:00,2,94
index.html,16,html,939d275c,Alyvia Vaughan,2026-04-23,22:10:03,-07:00,2026-04-23T22:10:03-07:00,0,0
index.html,17,html,939d275c,Alyvia Vaughan,2026-04-23,22:10:03,-07:00,2026-04-23T22:10:03-07:00,2,22
index.html,18,html,939d275c,Alyvia Vaughan,2026-04-23,22:10:03,-07:00,2026-04-23T22:10:03-07:00,2,20
index.html,19,html,939d275c,Alyvia Vaughan,2026-04-23,22:10:03,-07:00,2026-04-23T22:10:03-07:00,0,0
index.html,20,html,939d275c,Alyvia Vaughan,2026-04-23,22:10:03,-07:00,2026-04-23T22:10:03-07:00,2,4
index.html,21,html,939d275c,Alyvia Vaughan,2026-04-23,22:10:03,-07:00,2026-04-23T22:10:03-07:00,2,22
index.html,22,html,939d275c,Alyvia Vaughan,2026-04-23,22:10:03,-07:00,2026-04-23T22:10:03-07:00,2,22
index.html,23,html,939d275c,Alyvia Vaughan,2026-04-23,22:10:03,-07:00,2026-04-23T22:10:03-07:00,0,0
index.html,24,html,939d275c,Alyvia Vaughan,2026-04-23,22:10:03,-07:00,2026-04-23T22:10:03-07:00,2,4
index.html,25,html,fffe2bcd,Alyvia-Vaughan,2026-04-02,13:44:07,-07:00,2026-04-02T13:44:07-07:00,0,5
index.html,26,html,fffe2bcd,Alyvia-Vaughan,2026-04-02,13:44:07,-07:00,2026-04-02T13:44:07-07:00,0,5
global.js,1,js,98d795bd,Alyvia Vaughan,2026-04-17,15:37:59,-07:00,2026-04-17T15:37:59-07:00,0,25
global.js,2,js,3d9d333f,Alyvia Vaughan,2026-04-17,13:43:31,-07:00,2026-04-17T13:43:31-07:00,0,0
global.js,3,js,3d9d333f,Alyvia Vaughan,2026-04-17,13:43:31,-07:00,2026-04-17T13:43:31-07:00,0,41
global.js,4,js,3d9d333f,Alyvia Vaughan,2026-04-17,13:43:31,-07:00,2026-04-17T13:43:31-07:00,2,52
global.js,5,js,98d795bd,Alyvia Vaughan,2026-04-17,15:37:59,-07:00,2026-04-17T15:37:59-07:00,0,0
global.js,6,js,98d795bd,Alyvia Vaughan,2026-04-17,15:37:59,-07:00,2026-04-17T15:37:59-07:00,0,0
global.js,7,js,db5bffb2,Alyvia Vaughan,2026-04-17,16:04:08,-07:00,2026-04-17T16:04:08-07:00,0,27
global.js,8,js,98d795bd,Alyvia Vaughan,2026-04-17,15:37:59,-07:00,2026-04-17T15:37:59-07:00,0,0
global.js,9,js,db5bffb2,Alyvia Vaughan,2026-04-17,16:04:08,-07:00,2026-04-17T16:04:08-07:00,0,33
global.js,10,js,db5bffb2,Alyvia Vaughan,2026-04-17,16:04:08,-07:00,2026-04-17T16:04:08-07:00,0,73
global.js,11,js,db5bffb2,Alyvia Vaughan,2026-04-17,16:04:08,-07:00,2026-04-17T16:04:08-07:00,0,3
global.js,12,js,98d795bd,Alyvia Vaughan,2026-04-17,15:37:59,-07:00,2026-04-17T15:37:59-07:00,0,0
global.js,13,js,db5bffb2,Alyvia Vaughan,2026-04-17,16:04:08,-07:00,2026-04-17T16:04:08-07:00,0,19
global.js,14,js,db5bffb2,Alyvia Vaughan,2026-04-17,16:04:08,-07:00,2026-04-17T16:04:08-07:00,0,42
global.js,15,js,db5bffb2,Alyvia Vaughan,2026-04-17,16:04:08,-07:00,2026-04-17T16:04:08-07:00,0,2
global.js,16,js,98d795bd,Alyvia Vaughan,2026-04-17,15:37:59,-07:00,2026-04-17T15:37:59-07:00,0,0
global.js,17,js,db5bffb2,Alyvia Vaughan,2026-04-17,16:04:08,-07:00,2026-04-17T16:04:08-07:00,0,88
global.js,18,js,db5bffb2,Alyvia Vaughan,2026-04-17,16:04:08,-07:00,2026-04-17T16:04:08-07:00,2,3
global.js,19,js,db5bffb2,Alyvia Vaughan,2026-04-17,16:04:08,-07:00,2026-04-17T16:04:08-07:00,2,13
global.js,20,js,db5bffb2,Alyvia Vaughan,2026-04-17,16:04:08,-07:00,2026-04-17T16:04:08-07:00,0,0
global.js,21,js,db5bffb2,Alyvia Vaughan,2026-04-17,16:04:08,-07:00,2026-04-17T16:04:08-07:00,0,11
global.js,22,js,db5bffb2,Alyvia Vaughan,2026-04-17,16:04:08,-07:00,2026-04-17T16:04:08-07:00,1,38
global.js,23,js,db5bffb2,Alyvia Vaughan,2026-04-17,16:04:08,-07:00,2026-04-17T16:04:08-07:00,1,38
global.js,24,js,db5bffb2,Alyvia Vaughan,2026-04-17,16:04:08,-07:00,2026-04-17T16:04:08-07:00,1,38
global.js,25,js,db5bffb2,Alyvia Vaughan,2026-04-17,16:04:08,-07:00,2026-04-17T16:04:08-07:00,1,38
global.js,26,js,fc6c254a,Alyvia Vaughan,2026-05-08,22:26:52,-07:00,2026-05-08T22:26:52-07:00,1,38
global.js,27,js,db5bffb2,Alyvia Vaughan,2026-04-17,16:04:08,-07:00,2026-04-17T16:04:08-07:00,1,60
global.js,28,js,db5bffb2,Alyvia Vaughan,2026-04-17,16:04:08,-07:00,2026-04-17T16:04:08-07:00,0,0
global.js,29,js,db5bffb2,Alyvia Vaughan,2026-04-17,16:04:08,-07:00,2026-04-17T16:04:08-07:00,0,0
global.js,30,js,db5bffb2,Alyvia Vaughan,2026-04-17,16:04:08,-07:00,2026-04-17T16:04:08-07:00,0,38
global.js,31,js,db5bffb2,Alyvia Vaughan,2026-04-17,16:04:08,-07:00,2026-04-17T16:04:08-07:00,0,25
global.js,32,js,db5bffb2,Alyvia Vaughan,2026-04-17,16:04:08,-07:00,2026-04-17T16:04:08-07:00,0,0
global.js,33,js,db5bffb2,Alyvia Vaughan,2026-04-17,16:04:08,-07:00,2026-04-17T16:04:08-07:00,0,20
global.js,34,js,db5bffb2,Alyvia Vaughan,2026-04-17,16:04:08,-07:00,2026-04-17T16:04:08-07:00,2,14
global.js,35,js,db5bffb2,Alyvia Vaughan,2026-04-17,16:04:08,-07:00,2026-04-17T16:04:08-07:00,2,18
global.js,36,js,db5bffb2,Alyvia Vaughan,2026-04-17,16:04:08,-07:00,2026-04-17T16:04:08-07:00,0,0
global.js,37,js,db5bffb2,Alyvia Vaughan,2026-04-17,16:04:08,-07:00,2026-04-17T16:04:08-07:00,2,28
global.js,38,js,db5bffb2,Alyvia Vaughan,2026-04-17,16:04:08,-07:00,2026-04-17T16:04:08-07:00,4,20
global.js,39,js,db5bffb2,Alyvia Vaughan,2026-04-17,16:04:08,-07:00,2026-04-17T16:04:08-07:00,2,0
global.js,40,js,db5bffb2,Alyvia Vaughan,2026-04-17,16:04:08,-07:00,2026-04-17T16:04:08-07:00,0,0
global.js,41,js,db5bffb2,Alyvia Vaughan,2026-04-17,16:04:08,-07:00,2026-04-17T16:04:08-07:00,2,34
global.js,42,js,db5bffb2,Alyvia Vaughan,2026-04-17,16:04:08,-07:00,2026-04-17T16:04:08-07:00,2,11
global.js,43,js,db5bffb2,Alyvia Vaughan,2026-04-17,16:04:08,-07:00,2026-04-17T16:04:08-07:00,2,20
global.js,44,js,db5bffb2,Alyvia Vaughan,2026-04-17,16:04:08,-07:00,2026-04-17T16:04:08-07:00,0,0
global.js,45,js,db5bffb2,Alyvia Vaughan,2026-04-17,16:04:08,-07:00,2026-04-17T16:04:08-07:00,2,17
global.js,46,js,db5bffb2,Alyvia Vaughan,2026-04-17,16:04:08,-07:00,2026-04-17T16:04:08-07:00,2,8
global.js,47,js,db5bffb2,Alyvia Vaughan,2026-04-17,16:04:08,-07:00,2026-04-17T16:04:08-07:00,2,58
global.js,48,js,db5bffb2,Alyvia Vaughan,2026-04-17,16:04:08,-07:00,2026-04-17T16:04:08-07:00,2,0
global.js,49,js,db5bffb2,Alyvia Vaughan,2026-04-17,16:04:08,-07:00,2026-04-17T16:04:08-07:00,0,0
global.js,50,js,db5bffb2,Alyvia Vaughan,2026-04-17,16:04:08,-07:00,2026-04-17T16:04:08-07:00,2,29
global.js,51,js,db5bffb2,Alyvia Vaughan,2026-04-17,16:04:08,-07:00,2026-04-17T16:04:08-07:00,2,18
global.js,52,js,db5bffb2,Alyvia Vaughan,2026-04-17,16:04:08,-07:00,2026-04-17T16:04:08-07:00,2,0
global.js,53,js,db5bffb2,Alyvia Vaughan,2026-04-17,16:04:08,-07:00,2026-04-17T16:04:08-07:00,0,0
global.js,54,js,db5bffb2,Alyvia Vaughan,2026-04-17,16:04:08,-07:00,2026-04-17T16:04:08-07:00,2,12
global.js,55,js,db5bffb2,Alyvia Vaughan,2026-04-17,16:04:08,-07:00,2026-04-17T16:04:08-07:00,0,0
global.js,56,js,431fa741,Alyvia Vaughan,2026-04-17,16:43:56,-07:00,2026-04-17T16:43:56-07:00,0,0
global.js,57,js,431fa741,Alyvia Vaughan,2026-04-17,16:43:56,-07:00,2026-04-17T16:43:56-07:00,0,0
global.js,58,js,431fa741,Alyvia Vaughan,2026-04-17,16:43:56,-07:00,2026-04-17T16:43:56-07:00,0,31
global.js,59,js,431fa741,Alyvia Vaughan,2026-04-17,16:43:56,-07:00,2026-04-17T16:43:56-07:00,2,11
global.js,60,js,431fa741,Alyvia Vaughan,2026-04-17,16:43:56,-07:00,2026-04-17T16:43:56-07:00,2,0
global.js,61,js,431fa741,Alyvia Vaughan,2026-04-17,16:43:56,-07:00,2026-04-17T16:43:56-07:00,4,26
global.js,62,js,431fa741,Alyvia Vaughan,2026-04-17,16:43:56,-07:00,2026-04-17T16:43:56-07:00,6,4
global.js,63,js,431fa741,Alyvia Vaughan,2026-04-17,16:43:56,-07:00,2026-04-17T16:43:56-07:00,6,6
global.js,64,js,431fa741,Alyvia Vaughan,2026-04-17,16:43:56,-07:00,2026-04-17T16:43:56-07:00,8,43
global.js,65,js,431fa741,Alyvia Vaughan,2026-04-17,16:43:56,-07:00,2026-04-17T16:43:56-07:00,8,34
global.js,66,js,431fa741,Alyvia Vaughan,2026-04-17,16:43:56,-07:00,2026-04-17T16:43:56-07:00,8,32
global.js,67,js,431fa741,Alyvia Vaughan,2026-04-17,16:43:56,-07:00,2026-04-17T16:43:56-07:00,6,7
global.js,68,js,431fa741,Alyvia Vaughan,2026-04-17,16:43:56,-07:00,2026-04-17T16:43:56-07:00,4,6
global.js,69,js,431fa741,Alyvia Vaughan,2026-04-17,16:43:56,-07:00,2026-04-17T16:43:56-07:00,2,0
global.js,70,js,431fa741,Alyvia Vaughan,2026-04-17,16:43:56,-07:00,2026-04-17T16:43:56-07:00,0,0
global.js,71,js,431fa741,Alyvia Vaughan,2026-04-17,16:43:56,-07:00,2026-04-17T16:43:56-07:00,0,0
global.js,72,js,431fa741,Alyvia Vaughan,2026-04-17,16:43:56,-07:00,2026-04-17T16:43:56-07:00,0,60
global.js,73,js,431fa741,Alyvia Vaughan,2026-04-17,16:43:56,-07:00,2026-04-17T16:43:56-07:00,0,0
global.js,74,js,431fa741,Alyvia Vaughan,2026-04-17,16:43:56,-07:00,2026-04-17T16:43:56-07:00,0,31
global.js,75,js,431fa741,Alyvia Vaughan,2026-04-17,16:43:56,-07:00,2026-04-17T16:43:56-07:00,2,65
global.js,76,js,431fa741,Alyvia Vaughan,2026-04-17,16:43:56,-07:00,2026-04-17T16:43:56-07:00,2,20
global.js,77,js,431fa741,Alyvia Vaughan,2026-04-17,16:43:56,-07:00,2026-04-17T16:43:56-07:00,0,0
global.js,78,js,431fa741,Alyvia Vaughan,2026-04-17,16:43:56,-07:00,2026-04-17T16:43:56-07:00,0,0
global.js,79,js,431fa741,Alyvia Vaughan,2026-04-17,16:43:56,-07:00,2026-04-17T16:43:56-07:00,0,34
global.js,80,js,431fa741,Alyvia Vaughan,2026-04-17,16:43:56,-07:00,2026-04-17T16:43:56-07:00,2,39
global.js,81,js,431fa741,Alyvia Vaughan,2026-04-17,16:43:56,-07:00,2026-04-17T16:43:56-07:00,0,0
global.js,82,js,431fa741,Alyvia Vaughan,2026-04-17,16:43:56,-07:00,2026-04-17T16:43:56-07:00,0,0
global.js,83,js,431fa741,Alyvia Vaughan,2026-04-17,16:43:56,-07:00,2026-04-17T16:43:56-07:00,0,49
global.js,84,js,431fa741,Alyvia Vaughan,2026-04-17,16:43:56,-07:00,2026-04-17T16:43:56-07:00,2,44
global.js,85,js,431fa741,Alyvia Vaughan,2026-04-17,16:43:56,-07:00,2026-04-17T16:43:56-07:00,2,33
global.js,86,js,064d27f5,Alyvia Vaughan,2026-04-17,16:50:08,-07:00,2026-04-17T16:50:08-07:00,0,1
global.js,87,js,064d27f5,Alyvia Vaughan,2026-04-17,16:50:08,-07:00,2026-04-17T16:50:08-07:00,0,0
global.js,88,js,064d27f5,Alyvia Vaughan,2026-04-17,16:50:08,-07:00,2026-04-17T16:50:08-07:00,0,42
global.js,89,js,064d27f5,Alyvia Vaughan,2026-04-17,16:50:08,-07:00,2026-04-17T16:50:08-07:00,0,49
global.js,90,js,064d27f5,Alyvia Vaughan,2026-04-17,16:50:08,-07:00,2026-04-17T16:50:08-07:00,2,21
global.js,91,js,064d27f5,Alyvia Vaughan,2026-04-17,16:50:08,-07:00,2026-04-17T16:50:08-07:00,2,30
global.js,92,js,064d27f5,Alyvia Vaughan,2026-04-17,16:50:08,-07:00,2026-04-17T16:50:08-07:00,2,14
global.js,93,js,064d27f5,Alyvia Vaughan,2026-04-17,16:50:08,-07:00,2026-04-17T16:50:08-07:00,0,0
global.js,94,js,064d27f5,Alyvia Vaughan,2026-04-17,16:50:08,-07:00,2026-04-17T16:50:08-07:00,2,31
global.js,95,js,064d27f5,Alyvia Vaughan,2026-04-17,16:50:08,-07:00,2026-04-17T16:50:08-07:00,4,50
global.js,96,js,064d27f5,Alyvia Vaughan,2026-04-17,16:50:08,-07:00,2026-04-17T16:50:08-07:00,2,0
global.js,97,js,064d27f5,Alyvia Vaughan,2026-04-17,16:50:08,-07:00,2026-04-17T16:50:08-07:00,0,0
global.js,98,js,064d27f5,Alyvia Vaughan,2026-04-17,16:50:08,-07:00,2026-04-17T16:50:08-07:00,2,47
global.js,99,js,064d27f5,Alyvia Vaughan,2026-04-17,16:50:08,-07:00,2026-04-17T16:50:08-07:00,2,18
global.js,100,js,939d275c,Alyvia Vaughan,2026-04-23,22:10:03,-07:00,2026-04-23T22:10:03-07:00,0,1
global.js,101,js,939d275c,Alyvia Vaughan,2026-04-23,22:10:03,-07:00,2026-04-23T22:10:03-07:00,0,0
global.js,102,js,939d275c,Alyvia Vaughan,2026-04-23,22:10:03,-07:00,2026-04-23T22:10:03-07:00,0,36
global.js,103,js,939d275c,Alyvia Vaughan,2026-04-23,22:10:03,-07:00,2026-04-23T22:10:03-07:00,1,3
global.js,104,js,939d275c,Alyvia Vaughan,2026-04-23,22:10:03,-07:00,2026-04-23T22:10:03-07:00,2,32
global.js,105,js,939d275c,Alyvia Vaughan,2026-04-23,22:10:03,-07:00,2026-04-23T22:10:03-07:00,0,0
global.js,106,js,939d275c,Alyvia Vaughan,2026-04-23,22:10:03,-07:00,2026-04-23T22:10:03-07:00,2,17
global.js,107,js,939d275c,Alyvia Vaughan,2026-04-23,22:10:03,-07:00,2026-04-23T22:10:03-07:00,3,57
global.js,108,js,939d275c,Alyvia Vaughan,2026-04-23,22:10:03,-07:00,2026-04-23T22:10:03-07:00,2,0
global.js,109,js,939d275c,Alyvia Vaughan,2026-04-23,22:10:03,-07:00,2026-04-23T22:10:03-07:00,0,0
global.js,110,js,939d275c,Alyvia Vaughan,2026-04-23,22:10:03,-07:00,2026-04-23T22:10:03-07:00,2,33
global.js,111,js,939d275c,Alyvia Vaughan,2026-04-23,22:10:03,-07:00,2026-04-23T22:10:03-07:00,2,10
global.js,112,js,939d275c,Alyvia Vaughan,2026-04-23,22:10:03,-07:00,2026-04-23T22:10:03-07:00,1,15
global.js,113,js,939d275c,Alyvia Vaughan,2026-04-23,22:10:03,-07:00,2026-04-23T22:10:03-07:00,2,59
global.js,114,js,939d275c,Alyvia Vaughan,2026-04-23,22:10:03,-07:00,2026-04-23T22:10:03-07:00,1,0
global.js,115,js,939d275c,Alyvia Vaughan,2026-04-23,22:10:03,-07:00,2026-04-23T22:10:03-07:00,0,0
global.js,116,js,939d275c,Alyvia Vaughan,2026-04-23,22:10:03,-07:00,2026-04-23T22:10:03-07:00,0,0
global.js,117,js,939d275c,Alyvia Vaughan,2026-04-23,22:10:03,-07:00,2026-04-23T22:10:03-07:00,0,0
global.js,118,js,939d275c,Alyvia Vaughan,2026-04-23,22:10:03,-07:00,2026-04-23T22:10:03-07:00,0,79
global.js,119,js,939d275c,Alyvia Vaughan,2026-04-23,22:10:03,-07:00,2026-04-23T22:10:03-07:00,1,30
global.js,120,js,939d275c,Alyvia Vaughan,2026-04-23,22:10:03,-07:00,2026-04-23T22:10:03-07:00,0,0
global.js,121,js,939d275c,Alyvia Vaughan,2026-04-23,22:10:03,-07:00,2026-04-23T22:10:03-07:00,1,29
global.js,122,js,939d275c,Alyvia Vaughan,2026-04-23,22:10:03,-07:00,2026-04-23T22:10:03-07:00,2,48
global.js,123,js,939d275c,Alyvia Vaughan,2026-04-23,22:10:03,-07:00,2026-04-23T22:10:03-07:00,2,19
global.js,124,js,939d275c,Alyvia Vaughan,2026-04-23,22:10:03,-07:00,2026-04-23T22:10:03-07:00,3,49
global.js,125,js,939d275c,Alyvia Vaughan,2026-04-23,22:10:03,-07:00,2026-04-23T22:10:03-07:00,3,49
global.js,126,js,c9e61e03,Alyvia Vaughan,2026-04-30,17:39:30,-07:00,2026-04-30T17:39:30-07:00,3,3
global.js,127,js,c9e61e03,Alyvia Vaughan,2026-04-30,17:39:30,-07:00,2026-04-30T17:39:30-07:00,4,27
global.js,128,js,c9e61e03,Alyvia Vaughan,2026-04-30,17:39:30,-07:00,2026-04-30T17:39:30-07:00,4,41
global.js,129,js,c9e61e03,Alyvia Vaughan,2026-04-30,17:39:30,-07:00,2026-04-30T17:39:30-07:00,3,4
global.js,130,js,939d275c,Alyvia Vaughan,2026-04-23,22:10:03,-07:00,2026-04-23T22:10:03-07:00,2,0
global.js,131,js,939d275c,Alyvia Vaughan,2026-04-23,22:10:03,-07:00,2026-04-23T22:10:03-07:00,2,36
global.js,132,js,939d275c,Alyvia Vaughan,2026-04-23,22:10:03,-07:00,2026-04-23T22:10:03-07:00,1,0
global.js,133,js,939d275c,Alyvia Vaughan,2026-04-23,22:10:03,-07:00,2026-04-23T22:10:03-07:00,0,0
global.js,134,js,939d275c,Alyvia Vaughan,2026-04-23,22:10:03,-07:00,2026-04-23T22:10:03-07:00,0,0
global.js,135,js,939d275c,Alyvia Vaughan,2026-04-23,22:10:03,-07:00,2026-04-23T22:10:03-07:00,0,47
global.js,136,js,939d275c,Alyvia Vaughan,2026-04-23,22:10:03,-07:00,2026-04-23T22:10:03-07:00,1,59
global.js,137,js,939d275c,Alyvia Vaughan,2026-04-23,22:10:03,-07:00,2026-04-23T22:10:03-07:00,0,0
resume\index.html,1,html,ab35ecb9,Alyvia-Vaughan,2026-04-02,16:36:09,-07:00,2026-04-02T16:36:09-07:00,0,13
resume\index.html,2,html,ab35ecb9,Alyvia-Vaughan,2026-04-02,16:36:09,-07:00,2026-04-02T16:36:09-07:00,0,14
resume\index.html,3,html,ab35ecb9,Alyvia-Vaughan,2026-04-02,16:36:09,-07:00,2026-04-02T16:36:09-07:00,0,4
resume\index.html,4,html,ab35ecb9,Alyvia-Vaughan,2026-04-02,16:36:09,-07:00,2026-04-02T16:36:09-07:00,2,20
resume\index.html,5,html,ab35ecb9,Alyvia-Vaughan,2026-04-02,16:36:09,-07:00,2026-04-02T16:36:09-07:00,2,68
resume\index.html,6,html,ab35ecb9,Alyvia-Vaughan,2026-04-02,16:36:09,-07:00,2026-04-02T16:36:09-07:00,2,24
resume\index.html,7,html,bdc0aba9,Alyvia-Vaughan,2026-04-09,18:37:27,-07:00,2026-04-09T18:37:27-07:00,2,41
resume\index.html,8,html,98d795bd,Alyvia Vaughan,2026-04-17,15:37:59,-07:00,2026-04-17T15:37:59-07:00,2,49
resume\index.html,9,html,ab35ecb9,Alyvia-Vaughan,2026-04-02,16:36:09,-07:00,2026-04-02T16:36:09-07:00,0,5
resume\index.html,10,html,ab35ecb9,Alyvia-Vaughan,2026-04-02,16:36:09,-07:00,2026-04-02T16:36:09-07:00,0,4
resume\index.html,11,html,bdc0aba9,Alyvia-Vaughan,2026-04-09,18:37:27,-07:00,2026-04-09T18:37:27-07:00,0,0
resume\index.html,12,html,e4ba3296,Alyvia-Vaughan,2026-04-09,19:28:08,-07:00,2026-04-09T19:28:08-07:00,2,33
resume\index.html,13,html,ab35ecb9,Alyvia-Vaughan,2026-04-02,16:36:09,-07:00,2026-04-02T16:36:09-07:00,2,112
resume\index.html,14,html,ab35ecb9,Alyvia-Vaughan,2026-04-02,16:36:09,-07:00,2026-04-02T16:36:09-07:00,2,6
resume\index.html,15,html,755f85de,Alyvia-Vaughan,2026-04-09,19:40:50,-07:00,2026-04-09T19:40:50-07:00,2,25
resume\index.html,16,html,ab35ecb9,Alyvia-Vaughan,2026-04-02,16:36:09,-07:00,2026-04-02T16:36:09-07:00,2,26
resume\index.html,17,html,ab35ecb9,Alyvia-Vaughan,2026-04-02,16:36:09,-07:00,2026-04-02T16:36:09-07:00,2,19
resume\index.html,18,html,ab35ecb9,Alyvia-Vaughan,2026-04-02,16:36:09,-07:00,2026-04-02T16:36:09-07:00,2,77
resume\index.html,19,html,ab35ecb9,Alyvia-Vaughan,2026-04-02,16:36:09,-07:00,2026-04-02T16:36:09-07:00,2,65
resume\index.html,20,html,755f85de,Alyvia-Vaughan,2026-04-09,19:40:50,-07:00,2026-04-09T19:40:50-07:00,2,4
resume\index.html,21,html,ab35ecb9,Alyvia-Vaughan,2026-04-02,16:36:09,-07:00,2026-04-02T16:36:09-07:00,2,7
resume\index.html,22,html,ab35ecb9,Alyvia-Vaughan,2026-04-02,16:36:09,-07:00,2026-04-02T16:36:09-07:00,0,0
resume\index.html,23,html,ab35ecb9,Alyvia-Vaughan,2026-04-02,16:36:09,-07:00,2026-04-02T16:36:09-07:00,2,4
resume\index.html,24,html,ab35ecb9,Alyvia-Vaughan,2026-04-02,16:36:09,-07:00,2026-04-02T16:36:09-07:00,0,0
resume\index.html,25,html,ab35ecb9,Alyvia-Vaughan,2026-04-02,16:36:09,-07:00,2026-04-02T16:36:09-07:00,4,23
resume\index.html,26,html,ab35ecb9,Alyvia-Vaughan,2026-04-02,16:36:09,-07:00,2026-04-02T16:36:09-07:00,4,6
resume\index.html,27,html,ab35ecb9,Alyvia-Vaughan,2026-04-02,16:36:09,-07:00,2026-04-02T16:36:09-07:00,4,17
resume\index.html,28,html,ab35ecb9,Alyvia-Vaughan,2026-04-02,16:36:09,-07:00,2026-04-02T16:36:09-07:00,4,7
resume\index.html,29,html,ab35ecb9,Alyvia-Vaughan,2026-04-02,16:36:09,-07:00,2026-04-02T16:36:09-07:00,0,0
resume\index.html,30,html,ab35ecb9,Alyvia-Vaughan,2026-04-02,16:36:09,-07:00,2026-04-02T16:36:09-07:00,4,7
resume\index.html,31,html,ab35ecb9,Alyvia-Vaughan,2026-04-02,16:36:09,-07:00,2026-04-02T16:36:09-07:00,4,6
resume\index.html,32,html,ab35ecb9,Alyvia-Vaughan,2026-04-02,16:36:09,-07:00,2026-04-02T16:36:09-07:00,5,25
resume\index.html,33,html,ab35ecb9,Alyvia-Vaughan,2026-04-02,16:36:09,-07:00,2026-04-02T16:36:09-07:00,5,104
resume\index.html,34,html,ab35ecb9,Alyvia-Vaughan,2026-04-02,16:36:09,-07:00,2026-04-02T16:36:09-07:00,5,88
resume\index.html,35,html,ab35ecb9,Alyvia-Vaughan,2026-04-02,16:36:09,-07:00,2026-04-02T16:36:09-07:00,4,7
resume\index.html,36,html,ab35ecb9,Alyvia-Vaughan,2026-04-02,16:36:09,-07:00,2026-04-02T16:36:09-07:00,6,2
resume\index.html,37,html,ab35ecb9,Alyvia-Vaughan,2026-04-02,16:36:09,-07:00,2026-04-02T16:36:09-07:00,6,143
resume\index.html,38,html,ab35ecb9,Alyvia-Vaughan,2026-04-02,16:36:09,-07:00,2026-04-02T16:36:09-07:00,6,145
resume\index.html,39,html,ab35ecb9,Alyvia-Vaughan,2026-04-02,16:36:09,-07:00,2026-04-02T16:36:09-07:00,6,166
resume\index.html,40,html,ab35ecb9,Alyvia-Vaughan,2026-04-02,16:36:09,-07:00,2026-04-02T16:36:09-07:00,6,3
resume\index.html,41,html,ab35ecb9,Alyvia-Vaughan,2026-04-02,16:36:09,-07:00,2026-04-02T16:36:09-07:00,4,8
resume\index.html,42,html,ab35ecb9,Alyvia-Vaughan,2026-04-02,16:36:09,-07:00,2026-04-02T16:36:09-07:00,0,0
resume\index.html,43,html,ab35ecb9,Alyvia-Vaughan,2026-04-02,16:36:09,-07:00,2026-04-02T16:36:09-07:00,4,7
resume\index.html,44,html,ab35ecb9,Alyvia-Vaughan,2026-04-02,16:36:09,-07:00,2026-04-02T16:36:09-07:00,6,6
resume\index.html,45,html,ab35ecb9,Alyvia-Vaughan,2026-04-02,16:36:09,-07:00,2026-04-02T16:36:09-07:00,6,31
resume\index.html,46,html,ab35ecb9,Alyvia-Vaughan,2026-04-02,16:36:09,-07:00,2026-04-02T16:36:09-07:00,6,95
resume\index.html,47,html,ab35ecb9,Alyvia-Vaughan,2026-04-02,16:36:09,-07:00,2026-04-02T16:36:09-07:00,6,88
resume\index.html,48,html,ab35ecb9,Alyvia-Vaughan,2026-04-02,16:36:09,-07:00,2026-04-02T16:36:09-07:00,6,7
resume\index.html,49,html,ab35ecb9,Alyvia-Vaughan,2026-04-02,16:36:09,-07:00,2026-04-02T16:36:09-07:00,6,2
resume\index.html,50,html,ab35ecb9,Alyvia-Vaughan,2026-04-02,16:36:09,-07:00,2026-04-02T16:36:09-07:00,6,121
resume\index.html,51,html,ab35ecb9,Alyvia-Vaughan,2026-04-02,16:36:09,-07:00,2026-04-02T16:36:09-07:00,6,99
resume\index.html,52,html,ab35ecb9,Alyvia-Vaughan,2026-04-02,16:36:09,-07:00,2026-04-02T16:36:09-07:00,6,3
resume\index.html,53,html,ab35ecb9,Alyvia-Vaughan,2026-04-02,16:36:09,-07:00,2026-04-02T16:36:09-07:00,4,8
resume\index.html,54,html,ab35ecb9,Alyvia-Vaughan,2026-04-02,16:36:09,-07:00,2026-04-02T16:36:09-07:00,0,0
resume\index.html,55,html,ab35ecb9,Alyvia-Vaughan,2026-04-02,16:36:09,-07:00,2026-04-02T16:36:09-07:00,4,7
resume\index.html,56,html,ab35ecb9,Alyvia-Vaughan,2026-04-02,16:36:09,-07:00,2026-04-02T16:36:09-07:00,6,6
resume\index.html,57,html,ab35ecb9,Alyvia-Vaughan,2026-04-02,16:36:09,-07:00,2026-04-02T16:36:09-07:00,6,24
resume\index.html,58,html,ab35ecb9,Alyvia-Vaughan,2026-04-02,16:36:09,-07:00,2026-04-02T16:36:09-07:00,6,104
resume\index.html,59,html,ab35ecb9,Alyvia-Vaughan,2026-04-02,16:36:09,-07:00,2026-04-02T16:36:09-07:00,6,88
resume\index.html,60,html,ab35ecb9,Alyvia-Vaughan,2026-04-02,16:36:09,-07:00,2026-04-02T16:36:09-07:00,6,7
resume\index.html,61,html,ab35ecb9,Alyvia-Vaughan,2026-04-02,16:36:09,-07:00,2026-04-02T16:36:09-07:00,6,2
resume\index.html,62,html,ab35ecb9,Alyvia-Vaughan,2026-04-02,16:36:09,-07:00,2026-04-02T16:36:09-07:00,6,75
resume\index.html,63,html,ab35ecb9,Alyvia-Vaughan,2026-04-02,16:36:09,-07:00,2026-04-02T16:36:09-07:00,6,97
resume\index.html,64,html,ab35ecb9,Alyvia-Vaughan,2026-04-02,16:36:09,-07:00,2026-04-02T16:36:09-07:00,6,180
resume\index.html,65,html,ab35ecb9,Alyvia-Vaughan,2026-04-02,16:36:09,-07:00,2026-04-02T16:36:09-07:00,6,3
resume\index.html,66,html,ab35ecb9,Alyvia-Vaughan,2026-04-02,16:36:09,-07:00,2026-04-02T16:36:09-07:00,4,8
resume\index.html,67,html,ab35ecb9,Alyvia-Vaughan,2026-04-02,16:36:09,-07:00,2026-04-02T16:36:09-07:00,0,0
resume\index.html,68,html,ab35ecb9,Alyvia-Vaughan,2026-04-02,16:36:09,-07:00,2026-04-02T16:36:09-07:00,4,7
resume\index.html,69,html,ab35ecb9,Alyvia-Vaughan,2026-04-02,16:36:09,-07:00,2026-04-02T16:36:09-07:00,6,6
resume\index.html,70,html,ab35ecb9,Alyvia-Vaughan,2026-04-02,16:36:09,-07:00,2026-04-02T16:36:09-07:00,6,29
resume\index.html,71,html,ab35ecb9,Alyvia-Vaughan,2026-04-02,16:36:09,-07:00,2026-04-02T16:36:09-07:00,6,49
resume\index.html,72,html,ab35ecb9,Alyvia-Vaughan,2026-04-02,16:36:09,-07:00,2026-04-02T16:36:09-07:00,6,88
resume\index.html,73,html,ab35ecb9,Alyvia-Vaughan,2026-04-02,16:36:09,-07:00,2026-04-02T16:36:09-07:00,6,7
resume\index.html,74,html,ab35ecb9,Alyvia-Vaughan,2026-04-02,16:36:09,-07:00,2026-04-02T16:36:09-07:00,6,2
resume\index.html,75,html,ab35ecb9,Alyvia-Vaughan,2026-04-02,16:36:09,-07:00,2026-04-02T16:36:09-07:00,6,114
resume\index.html,76,html,ab35ecb9,Alyvia-Vaughan,2026-04-02,16:36:09,-07:00,2026-04-02T16:36:09-07:00,6,138
resume\index.html,77,html,ab35ecb9,Alyvia-Vaughan,2026-04-02,16:36:09,-07:00,2026-04-02T16:36:09-07:00,6,151
resume\index.html,78,html,ab35ecb9,Alyvia-Vaughan,2026-04-02,16:36:09,-07:00,2026-04-02T16:36:09-07:00,6,3
resume\index.html,79,html,ab35ecb9,Alyvia-Vaughan,2026-04-02,16:36:09,-07:00,2026-04-02T16:36:09-07:00,4,8
resume\index.html,80,html,ab35ecb9,Alyvia-Vaughan,2026-04-02,16:36:09,-07:00,2026-04-02T16:36:09-07:00,4,8
resume\index.html,81,html,ab35ecb9,Alyvia-Vaughan,2026-04-02,16:36:09,-07:00,2026-04-02T16:36:09-07:00,0,0
resume\index.html,82,html,ab35ecb9,Alyvia-Vaughan,2026-04-02,16:36:09,-07:00,2026-04-02T16:36:09-07:00,4,22
resume\index.html,83,html,ab35ecb9,Alyvia-Vaughan,2026-04-02,16:36:09,-07:00,2026-04-02T16:36:09-07:00,4,6
resume\index.html,84,html,ab35ecb9,Alyvia-Vaughan,2026-04-02,16:36:09,-07:00,2026-04-02T16:36:09-07:00,6,16
resume\index.html,85,html,ab35ecb9,Alyvia-Vaughan,2026-04-02,16:36:09,-07:00,2026-04-02T16:36:09-07:00,4,7
resume\index.html,86,html,ab35ecb9,Alyvia-Vaughan,2026-04-02,16:36:09,-07:00,2026-04-02T16:36:09-07:00,0,0
resume\index.html,87,html,ab35ecb9,Alyvia-Vaughan,2026-04-02,16:36:09,-07:00,2026-04-02T16:36:09-07:00,4,7
resume\index.html,88,html,ab35ecb9,Alyvia-Vaughan,2026-04-02,16:36:09,-07:00,2026-04-02T16:36:09-07:00,6,6
resume\index.html,89,html,ab35ecb9,Alyvia-Vaughan,2026-04-02,16:36:09,-07:00,2026-04-02T16:36:09-07:00,6,42
resume\index.html,90,html,ab35ecb9,Alyvia-Vaughan,2026-04-02,16:36:09,-07:00,2026-04-02T16:36:09-07:00,6,122
resume\index.html,91,html,ab35ecb9,Alyvia-Vaughan,2026-04-02,16:36:09,-07:00,2026-04-02T16:36:09-07:00,6,55
resume\index.html,92,html,ab35ecb9,Alyvia-Vaughan,2026-04-02,16:36:09,-07:00,2026-04-02T16:36:09-07:00,6,7
resume\index.html,93,html,ab35ecb9,Alyvia-Vaughan,2026-04-02,16:36:09,-07:00,2026-04-02T16:36:09-07:00,6,2
resume\index.html,94,html,ab35ecb9,Alyvia-Vaughan,2026-04-02,16:36:09,-07:00,2026-04-02T16:36:09-07:00,6,27
resume\index.html,95,html,755f85de,Alyvia-Vaughan,2026-04-09,19:40:50,-07:00,2026-04-09T19:40:50-07:00,6,27
resume\index.html,96,html,ab35ecb9,Alyvia-Vaughan,2026-04-02,16:36:09,-07:00,2026-04-02T16:36:09-07:00,8,2
resume\index.html,97,html,ab35ecb9,Alyvia-Vaughan,2026-04-02,16:36:09,-07:00,2026-04-02T16:36:09-07:00,10,76
resume\index.html,98,html,ab35ecb9,Alyvia-Vaughan,2026-04-02,16:36:09,-07:00,2026-04-02T16:36:09-07:00,10,85
resume\index.html,99,html,ab35ecb9,Alyvia-Vaughan,2026-04-02,16:36:09,-07:00,2026-04-02T16:36:09-07:00,10,77
resume\index.html,100,html,ab35ecb9,Alyvia-Vaughan,2026-04-02,16:36:09,-07:00,2026-04-02T16:36:09-07:00,10,61
resume\index.html,101,html,ab35ecb9,Alyvia-Vaughan,2026-04-02,16:36:09,-07:00,2026-04-02T16:36:09-07:00,10,57
resume\index.html,102,html,ab35ecb9,Alyvia-Vaughan,2026-04-02,16:36:09,-07:00,2026-04-02T16:36:09-07:00,10,42
resume\index.html,103,html,ab35ecb9,Alyvia-Vaughan,2026-04-02,16:36:09,-07:00,2026-04-02T16:36:09-07:00,8,3
resume\index.html,104,html,ab35ecb9,Alyvia-Vaughan,2026-04-02,16:36:09,-07:00,2026-04-02T16:36:09-07:00,6,3
resume\index.html,105,html,ab35ecb9,Alyvia-Vaughan,2026-04-02,16:36:09,-07:00,2026-04-02T16:36:09-07:00,4,8
resume\index.html,106,html,ab35ecb9,Alyvia-Vaughan,2026-04-02,16:36:09,-07:00,2026-04-02T16:36:09-07:00,0,0
resume\index.html,107,html,ab35ecb9,Alyvia-Vaughan,2026-04-02,16:36:09,-07:00,2026-04-02T16:36:09-07:00,4,8
resume\index.html,108,html,ab35ecb9,Alyvia-Vaughan,2026-04-02,16:36:09,-07:00,2026-04-02T16:36:09-07:00,0,0
resume\index.html,109,html,ab35ecb9,Alyvia-Vaughan,2026-04-02,16:36:09,-07:00,2026-04-02T16:36:09-07:00,4,19
resume\index.html,110,html,ab35ecb9,Alyvia-Vaughan,2026-04-02,16:36:09,-07:00,2026-04-02T16:36:09-07:00,4,6
resume\index.html,111,html,ab35ecb9,Alyvia-Vaughan,2026-04-02,16:36:09,-07:00,2026-04-02T16:36:09-07:00,6,13
resume\index.html,112,html,ab35ecb9,Alyvia-Vaughan,2026-04-02,16:36:09,-07:00,2026-04-02T16:36:09-07:00,4,7
resume\index.html,113,html,755f85de,Alyvia-Vaughan,2026-04-09,19:40:50,-07:00,2026-04-09T19:40:50-07:00,4,17
resume\index.html,114,html,ab35ecb9,Alyvia-Vaughan,2026-04-02,16:36:09,-07:00,2026-04-02T16:36:09-07:00,6,13
resume\index.html,115,html,ab35ecb9,Alyvia-Vaughan,2026-04-02,16:36:09,-07:00,2026-04-02T16:36:09-07:00,6,21
resume\index.html,116,html,ab35ecb9,Alyvia-Vaughan,2026-04-02,16:36:09,-07:00,2026-04-02T16:36:09-07:00,6,25
resume\index.html,117,html,ab35ecb9,Alyvia-Vaughan,2026-04-02,16:36:09,-07:00,2026-04-02T16:36:09-07:00,6,41
resume\index.html,118,html,ab35ecb9,Alyvia-Vaughan,2026-04-02,16:36:09,-07:00,2026-04-02T16:36:09-07:00,6,32
resume\index.html,119,html,ab35ecb9,Alyvia-Vaughan,2026-04-02,16:36:09,-07:00,2026-04-02T16:36:09-07:00,4,3
resume\index.html,120,html,ab35ecb9,Alyvia-Vaughan,2026-04-02,16:36:09,-07:00,2026-04-02T16:36:09-07:00,4,8
resume\index.html,121,html,ab35ecb9,Alyvia-Vaughan,2026-04-02,16:36:09,-07:00,2026-04-02T16:36:09-07:00,0,0
resume\index.html,122,html,ab35ecb9,Alyvia-Vaughan,2026-04-02,16:36:09,-07:00,2026-04-02T16:36:09-07:00,1,5
resume\index.html,123,html,ab35ecb9,Alyvia-Vaughan,2026-04-02,16:36:09,-07:00,2026-04-02T16:36:09-07:00,0,5
resume\index.html,124,html,ab35ecb9,Alyvia-Vaughan,2026-04-02,16:36:09,-07:00,2026-04-02T16:36:09-07:00,0,5
projects\projects.js,1,js,939d275c,Alyvia Vaughan,2026-04-23,22:10:03,-07:00,2026-04-23T22:10:03-07:00,0,55
projects\projects.js,2,js,5b0022c0,Alyvia Vaughan,2026-05-01,18:20:44,-07:00,2026-05-01T18:20:44-07:00,0,59
projects\projects.js,3,js,939d275c,Alyvia Vaughan,2026-04-23,22:10:03,-07:00,2026-04-23T22:10:03-07:00,0,0
projects\projects.js,4,js,939d275c,Alyvia Vaughan,2026-04-23,22:10:03,-07:00,2026-04-23T22:10:03-07:00,0,55
projects\projects.js,5,js,939d275c,Alyvia Vaughan,2026-04-23,22:10:03,-07:00,2026-04-23T22:10:03-07:00,0,60
projects\projects.js,6,js,939d275c,Alyvia Vaughan,2026-04-23,22:10:03,-07:00,2026-04-23T22:10:03-07:00,0,48
projects\projects.js,7,js,939d275c,Alyvia Vaughan,2026-04-23,22:10:03,-07:00,2026-04-23T22:10:03-07:00,0,0
projects\projects.js,8,js,939d275c,Alyvia Vaughan,2026-04-23,22:10:03,-07:00,2026-04-23T22:10:03-07:00,0,62
projects\projects.js,9,js,939d275c,Alyvia Vaughan,2026-04-23,22:10:03,-07:00,2026-04-23T22:10:03-07:00,0,18
projects\projects.js,10,js,939d275c,Alyvia Vaughan,2026-04-23,22:10:03,-07:00,2026-04-23T22:10:03-07:00,1,56
projects\projects.js,11,js,808dc90b,Alyvia Vaughan,2026-04-30,17:56:07,-07:00,2026-04-30T17:56:07-07:00,0,0
projects\projects.js,12,js,808dc90b,Alyvia Vaughan,2026-04-30,17:56:07,-07:00,2026-04-30T17:56:07-07:00,0,0
projects\projects.js,13,js,5b0022c0,Alyvia Vaughan,2026-05-01,18:20:44,-07:00,2026-05-01T18:20:44-07:00,0,47
projects\projects.js,14,js,5b0022c0,Alyvia Vaughan,2026-05-01,18:20:44,-07:00,2026-05-01T18:20:44-07:00,0,13
projects\projects.js,15,js,5b0022c0,Alyvia Vaughan,2026-05-01,18:20:44,-07:00,2026-05-01T18:20:44-07:00,0,21
projects\projects.js,16,js,5b0022c0,Alyvia Vaughan,2026-05-01,18:20:44,-07:00,2026-05-01T18:20:44-07:00,0,53
projects\projects.js,17,js,808dc90b,Alyvia Vaughan,2026-04-30,17:56:07,-07:00,2026-04-30T17:56:07-07:00,0,0
projects\projects.js,18,js,5b0022c0,Alyvia Vaughan,2026-05-01,18:20:44,-07:00,2026-05-01T18:20:44-07:00,0,38
projects\projects.js,19,js,5b0022c0,Alyvia Vaughan,2026-05-01,18:20:44,-07:00,2026-05-01T18:20:44-07:00,1,57
projects\projects.js,20,js,808dc90b,Alyvia Vaughan,2026-04-30,17:56:07,-07:00,2026-04-30T17:56:07-07:00,0,0
projects\projects.js,21,js,5b0022c0,Alyvia Vaughan,2026-05-01,18:20:44,-07:00,2026-05-01T18:20:44-07:00,1,29
projects\projects.js,22,js,5b0022c0,Alyvia Vaughan,2026-05-01,18:20:44,-07:00,2026-05-01T18:20:44-07:00,2,12
projects\projects.js,23,js,5b0022c0,Alyvia Vaughan,2026-05-01,18:20:44,-07:00,2026-05-01T18:20:44-07:00,2,14
projects\projects.js,24,js,5b0022c0,Alyvia Vaughan,2026-05-01,18:20:44,-07:00,2026-05-01T18:20:44-07:00,2,12
projects\projects.js,25,js,5b0022c0,Alyvia Vaughan,2026-05-01,18:20:44,-07:00,2026-05-01T18:20:44-07:00,1,0
projects\projects.js,26,js,808dc90b,Alyvia Vaughan,2026-04-30,17:56:07,-07:00,2026-04-30T17:56:07-07:00,0,0
projects\projects.js,27,js,5b0022c0,Alyvia Vaughan,2026-05-01,18:20:44,-07:00,2026-05-01T18:20:44-07:00,1,50
projects\projects.js,28,js,5b0022c0,Alyvia Vaughan,2026-05-01,18:20:44,-07:00,2026-05-01T18:20:44-07:00,2,35
projects\projects.js,29,js,5b0022c0,Alyvia Vaughan,2026-05-01,18:20:44,-07:00,2026-05-01T18:20:44-07:00,1,1
projects\projects.js,30,js,6a8a25a6,Alyvia Vaughan,2026-05-01,12:45:09,-07:00,2026-05-01T12:45:09-07:00,0,0
projects\projects.js,31,js,5b0022c0,Alyvia Vaughan,2026-05-01,18:20:44,-07:00,2026-05-01T18:20:44-07:00,1,53
projects\projects.js,32,js,5b0022c0,Alyvia Vaughan,2026-05-01,18:20:44,-07:00,2026-05-01T18:20:44-07:00,1,42
projects\projects.js,33,js,5b0022c0,Alyvia Vaughan,2026-05-01,18:20:44,-07:00,2026-05-01T18:20:44-07:00,1,51
projects\projects.js,34,js,5b0022c0,Alyvia Vaughan,2026-05-01,18:20:44,-07:00,2026-05-01T18:20:44-07:00,0,0
projects\projects.js,35,js,5b0022c0,Alyvia Vaughan,2026-05-01,18:20:44,-07:00,2026-05-01T18:20:44-07:00,1,25
projects\projects.js,36,js,5b0022c0,Alyvia Vaughan,2026-05-01,18:20:44,-07:00,2026-05-01T18:20:44-07:00,1,29
projects\projects.js,37,js,5b0022c0,Alyvia Vaughan,2026-05-01,18:20:44,-07:00,2026-05-01T18:20:44-07:00,1,44
projects\projects.js,38,js,5b0022c0,Alyvia Vaughan,2026-05-01,18:20:44,-07:00,2026-05-01T18:20:44-07:00,0,0
projects\projects.js,39,js,5b0022c0,Alyvia Vaughan,2026-05-01,18:20:44,-07:00,2026-05-01T18:20:44-07:00,1,27
projects\projects.js,40,js,5b0022c0,Alyvia Vaughan,2026-05-01,18:20:44,-07:00,2026-05-01T18:20:44-07:00,2,1
projects\projects.js,41,js,5b0022c0,Alyvia Vaughan,2026-05-01,18:20:44,-07:00,2026-05-01T18:20:44-07:00,3,13
projects\projects.js,42,js,5b0022c0,Alyvia Vaughan,2026-05-01,18:20:44,-07:00,2026-05-01T18:20:44-07:00,3,13
projects\projects.js,43,js,5b0022c0,Alyvia Vaughan,2026-05-01,18:20:44,-07:00,2026-05-01T18:20:44-07:00,3,22
projects\projects.js,44,js,5b0022c0,Alyvia Vaughan,2026-05-01,18:20:44,-07:00,2026-05-01T18:20:44-07:00,3,18
projects\projects.js,45,js,5b0022c0,Alyvia Vaughan,2026-05-01,18:20:44,-07:00,2026-05-01T18:20:44-07:00,4,43
projects\projects.js,46,js,5b0022c0,Alyvia Vaughan,2026-05-01,18:20:44,-07:00,2026-05-01T18:20:44-07:00,0,0
projects\projects.js,47,js,5b0022c0,Alyvia Vaughan,2026-05-01,18:20:44,-07:00,2026-05-01T18:20:44-07:00,4,1
projects\projects.js,48,js,5b0022c0,Alyvia Vaughan,2026-05-01,18:20:44,-07:00,2026-05-01T18:20:44-07:00,5,16
projects\projects.js,49,js,5b0022c0,Alyvia Vaughan,2026-05-01,18:20:44,-07:00,2026-05-01T18:20:44-07:00,5,66
projects\projects.js,50,js,5b0022c0,Alyvia Vaughan,2026-05-01,18:20:44,-07:00,2026-05-01T18:20:44-07:00,0,0
projects\projects.js,51,js,5b0022c0,Alyvia Vaughan,2026-05-01,18:20:44,-07:00,2026-05-01T18:20:44-07:00,4,18
projects\projects.js,52,js,5b0022c0,Alyvia Vaughan,2026-05-01,18:20:44,-07:00,2026-05-01T18:20:44-07:00,5,14
projects\projects.js,53,js,5b0022c0,Alyvia Vaughan,2026-05-01,18:20:44,-07:00,2026-05-01T18:20:44-07:00,5,89
projects\projects.js,54,js,5b0022c0,Alyvia Vaughan,2026-05-01,18:20:44,-07:00,2026-05-01T18:20:44-07:00,0,0
projects\projects.js,55,js,5b0022c0,Alyvia Vaughan,2026-05-01,18:20:44,-07:00,2026-05-01T18:20:44-07:00,4,25
projects\projects.js,56,js,5b0022c0,Alyvia Vaughan,2026-05-01,18:20:44,-07:00,2026-05-01T18:20:44-07:00,5,48
projects\projects.js,57,js,5b0022c0,Alyvia Vaughan,2026-05-01,18:20:44,-07:00,2026-05-01T18:20:44-07:00,4,6
projects\projects.js,58,js,5b0022c0,Alyvia Vaughan,2026-05-01,18:20:44,-07:00,2026-05-01T18:20:44-07:00,5,46
projects\projects.js,59,js,5b0022c0,Alyvia Vaughan,2026-05-01,18:20:44,-07:00,2026-05-01T18:20:44-07:00,5,65
projects\projects.js,60,js,5b0022c0,Alyvia Vaughan,2026-05-01,18:20:44,-07:00,2026-05-01T18:20:44-07:00,5,52
projects\projects.js,61,js,5b0022c0,Alyvia Vaughan,2026-05-01,18:20:44,-07:00,2026-05-01T18:20:44-07:00,4,0
projects\projects.js,62,js,5b0022c0,Alyvia Vaughan,2026-05-01,18:20:44,-07:00,2026-05-01T18:20:44-07:00,3,1
projects\projects.js,63,js,5b0022c0,Alyvia Vaughan,2026-05-01,18:20:44,-07:00,2026-05-01T18:20:44-07:00,1,1
projects\projects.js,64,js,5b0022c0,Alyvia Vaughan,2026-05-01,18:20:44,-07:00,2026-05-01T18:20:44-07:00,0,0
projects\projects.js,65,js,5b0022c0,Alyvia Vaughan,2026-05-01,18:20:44,-07:00,2026-05-01T18:20:44-07:00,1,32
projects\projects.js,66,js,5b0022c0,Alyvia Vaughan,2026-05-01,18:20:44,-07:00,2026-05-01T18:20:44-07:00,1,27
projects\projects.js,67,js,5b0022c0,Alyvia Vaughan,2026-05-01,18:20:44,-07:00,2026-05-01T18:20:44-07:00,2,4
projects\projects.js,68,js,5b0022c0,Alyvia Vaughan,2026-05-01,18:20:44,-07:00,2026-05-01T18:20:44-07:00,3,11
projects\projects.js,69,js,5b0022c0,Alyvia Vaughan,2026-05-01,18:20:44,-07:00,2026-05-01T18:20:44-07:00,3,38
projects\projects.js,70,js,5b0022c0,Alyvia Vaughan,2026-05-01,18:20:44,-07:00,2026-05-01T18:20:44-07:00,3,27
projects\projects.js,71,js,5b0022c0,Alyvia Vaughan,2026-05-01,18:20:44,-07:00,2026-05-01T18:20:44-07:00,3,69
projects\projects.js,72,js,5b0022c0,Alyvia Vaughan,2026-05-01,18:20:44,-07:00,2026-05-01T18:20:44-07:00,1,1
projects\projects.js,73,js,5b0022c0,Alyvia Vaughan,2026-05-01,18:20:44,-07:00,2026-05-01T18:20:44-07:00,0,0
projects\projects.js,74,js,f709426b,Alyvia Vaughan,2026-05-01,12:12:15,-07:00,2026-05-01T12:12:15-07:00,0,0
projects\projects.js,75,js,5b0022c0,Alyvia Vaughan,2026-05-01,18:20:44,-07:00,2026-05-01T18:20:44-07:00,0,23
projects\projects.js,76,js,6a8a25a6,Alyvia Vaughan,2026-05-01,12:45:09,-07:00,2026-05-01T12:45:09-07:00,0,0
projects\projects.js,77,js,5b0022c0,Alyvia Vaughan,2026-05-01,18:20:44,-07:00,2026-05-01T18:20:44-07:00,0,48
projects\projects.js,78,js,5b0022c0,Alyvia Vaughan,2026-05-01,18:20:44,-07:00,2026-05-01T18:20:44-07:00,1,25
projects\projects.js,79,js,5b0022c0,Alyvia Vaughan,2026-05-01,18:20:44,-07:00,2026-05-01T18:20:44-07:00,1,51
projects\projects.js,80,js,5b0022c0,Alyvia Vaughan,2026-05-01,18:20:44,-07:00,2026-05-01T18:20:44-07:00,2,59
projects\projects.js,81,js,5b0022c0,Alyvia Vaughan,2026-05-01,18:20:44,-07:00,2026-05-01T18:20:44-07:00,2,42
projects\projects.js,82,js,5b0022c0,Alyvia Vaughan,2026-05-01,18:20:44,-07:00,2026-05-01T18:20:44-07:00,1,1
projects\projects.js,83,js,5b0022c0,Alyvia Vaughan,2026-05-01,18:20:44,-07:00,2026-05-01T18:20:44-07:00,1,56
projects\projects.js,84,js,5b0022c0,Alyvia Vaughan,2026-05-01,18:20:44,-07:00,2026-05-01T18:20:44-07:00,1,31
projects\projects.js,85,js,5b0022c0,Alyvia Vaughan,2026-05-01,18:20:44,-07:00,2026-05-01T18:20:44-07:00,0,1
projects\index.html,1,html,2bfdcaea,Alyvia-Vaughan,2026-04-02,14:36:24,-07:00,2026-04-02T14:36:24-07:00,0,13
projects\index.html,2,html,2bfdcaea,Alyvia-Vaughan,2026-04-02,14:36:24,-07:00,2026-04-02T14:36:24-07:00,0,14
projects\index.html,3,html,2bfdcaea,Alyvia-Vaughan,2026-04-02,14:36:24,-07:00,2026-04-02T14:36:24-07:00,0,4
projects\index.html,4,html,2bfdcaea,Alyvia-Vaughan,2026-04-02,14:36:24,-07:00,2026-04-02T14:36:24-07:00,2,20
projects\index.html,5,html,2bfdcaea,Alyvia-Vaughan,2026-04-02,14:36:24,-07:00,2026-04-02T14:36:24-07:00,2,68
projects\index.html,6,html,2bfdcaea,Alyvia-Vaughan,2026-04-02,14:36:24,-07:00,2026-04-02T14:36:24-07:00,2,26
projects\index.html,7,html,bdc0aba9,Alyvia-Vaughan,2026-04-09,18:37:27,-07:00,2026-04-09T18:37:27-07:00,2,41
projects\index.html,8,html,98d795bd,Alyvia Vaughan,2026-04-17,15:37:59,-07:00,2026-04-17T15:37:59-07:00,2,49
projects\index.html,9,html,939d275c,Alyvia Vaughan,2026-04-23,22:10:03,-07:00,2026-04-23T22:10:03-07:00,2,47
projects\index.html,10,html,2bfdcaea,Alyvia-Vaughan,2026-04-02,14:36:24,-07:00,2026-04-02T14:36:24-07:00,0,5
projects\index.html,11,html,2bfdcaea,Alyvia-Vaughan,2026-04-02,14:36:24,-07:00,2026-04-02T14:36:24-07:00,0,4
projects\index.html,12,html,808dc90b,Alyvia Vaughan,2026-04-30,17:56:07,-07:00,2026-04-30T17:56:07-07:00,2,0
projects\index.html,13,html,939d275c,Alyvia Vaughan,2026-04-23,22:10:03,-07:00,2026-04-23T22:10:03-07:00,2,38
projects\index.html,14,html,0d528ebf,Alyvia Vaughan,2026-05-01,12:36:24,-07:00,2026-05-01T12:36:24-07:00,2,21
projects\index.html,15,html,0d528ebf,Alyvia Vaughan,2026-05-01,12:36:24,-07:00,2026-05-01T12:36:24-07:00,4,52
projects\index.html,16,html,0d528ebf,Alyvia Vaughan,2026-05-01,12:36:24,-07:00,2026-05-01T12:36:24-07:00,6,4
projects\index.html,17,html,0d528ebf,Alyvia Vaughan,2026-05-01,12:36:24,-07:00,2026-05-01T12:36:24-07:00,4,22
projects\index.html,18,html,0d528ebf,Alyvia Vaughan,2026-05-01,12:36:24,-07:00,2026-05-01T12:36:24-07:00,2,4
projects\index.html,19,html,5b0022c0,Alyvia Vaughan,2026-05-01,18:20:44,-07:00,2026-05-01T18:20:44-07:00,2,102
projects\index.html,20,html,e4ba3296,Alyvia-Vaughan,2026-04-09,19:28:08,-07:00,2026-04-09T19:28:08-07:00,2,20
projects\index.html,21,html,e4ba3296,Alyvia-Vaughan,2026-04-09,19:28:08,-07:00,2026-04-09T19:28:08-07:00,2,4
projects\index.html,22,html,e4ba3296,Alyvia-Vaughan,2026-04-09,19:28:08,-07:00,2026-04-09T19:28:08-07:00,2,5
projects\index.html,23,html,2bfdcaea,Alyvia-Vaughan,2026-04-02,14:36:24,-07:00,2026-04-02T14:36:24-07:00,0,5
meta\index.html,1,html,fc6c254a,Alyvia Vaughan,2026-05-08,22:26:52,-07:00,2026-05-08T22:26:52-07:00,0,13
meta\index.html,2,html,fc6c254a,Alyvia Vaughan,2026-05-08,22:26:52,-07:00,2026-05-08T22:26:52-07:00,0,14
meta\index.html,3,html,fc6c254a,Alyvia Vaughan,2026-05-08,22:26:52,-07:00,2026-05-08T22:26:52-07:00,0,4
meta\index.html,4,html,fc6c254a,Alyvia Vaughan,2026-05-08,22:26:52,-07:00,2026-05-08T22:26:52-07:00,2,20
meta\index.html,5,html,fc6c254a,Alyvia Vaughan,2026-05-08,22:26:52,-07:00,2026-05-08T22:26:52-07:00,2,68
meta\index.html,6,html,fc6c254a,Alyvia Vaughan,2026-05-08,22:26:52,-07:00,2026-05-08T22:26:52-07:00,2,17
meta\index.html,7,html,fc6c254a,Alyvia Vaughan,2026-05-08,22:26:52,-07:00,2026-05-08T22:26:52-07:00,2,41
meta\index.html,8,html,fc6c254a,Alyvia Vaughan,2026-05-08,22:26:52,-07:00,2026-05-08T22:26:52-07:00,2,48
meta\index.html,9,html,fc6c254a,Alyvia Vaughan,2026-05-08,22:26:52,-07:00,2026-05-08T22:26:52-07:00,2,43
meta\index.html,10,html,fc6c254a,Alyvia Vaughan,2026-05-08,22:26:52,-07:00,2026-05-08T22:26:52-07:00,0,5
meta\index.html,11,html,fc6c254a,Alyvia Vaughan,2026-05-08,22:26:52,-07:00,2026-05-08T22:26:52-07:00,0,4
meta\index.html,12,html,fc6c254a,Alyvia Vaughan,2026-05-08,22:26:52,-07:00,2026-05-08T22:26:52-07:00,2,11
meta\index.html,13,html,fc6c254a,Alyvia Vaughan,2026-05-08,22:26:52,-07:00,2026-05-08T22:26:52-07:00,2,61
meta\index.html,14,html,fc6c254a,Alyvia Vaughan,2026-05-08,22:26:52,-07:00,2026-05-08T22:26:52-07:00,0,5
meta\index.html,15,html,fc6c254a,Alyvia Vaughan,2026-05-08,22:26:52,-07:00,2026-05-08T22:26:52-07:00,0,5
contact\index.html,1,html,2bfdcaea,Alyvia-Vaughan,2026-04-02,14:36:24,-07:00,2026-04-02T14:36:24-07:00,0,13
contact\index.html,2,html,2bfdcaea,Alyvia-Vaughan,2026-04-02,14:36:24,-07:00,2026-04-02T14:36:24-07:00,0,14
contact\index.html,3,html,2bfdcaea,Alyvia-Vaughan,2026-04-02,14:36:24,-07:00,2026-04-02T14:36:24-07:00,0,4
contact\index.html,4,html,2bfdcaea,Alyvia-Vaughan,2026-04-02,14:36:24,-07:00,2026-04-02T14:36:24-07:00,2,20
contact\index.html,5,html,2bfdcaea,Alyvia-Vaughan,2026-04-02,14:36:24,-07:00,2026-04-02T14:36:24-07:00,2,68
contact\index.html,6,html,2bfdcaea,Alyvia-Vaughan,2026-04-02,14:36:24,-07:00,2026-04-02T14:36:24-07:00,2,25
contact\index.html,7,html,bdc0aba9,Alyvia-Vaughan,2026-04-09,18:37:27,-07:00,2026-04-09T18:37:27-07:00,2,41
contact\index.html,8,html,98d795bd,Alyvia Vaughan,2026-04-17,15:37:59,-07:00,2026-04-17T15:37:59-07:00,2,49
contact\index.html,9,html,2bfdcaea,Alyvia-Vaughan,2026-04-02,14:36:24,-07:00,2026-04-02T14:36:24-07:00,0,5
contact\index.html,10,html,2bfdcaea,Alyvia-Vaughan,2026-04-02,14:36:24,-07:00,2026-04-02T14:36:24-07:00,0,4
contact\index.html,11,html,bdc0aba9,Alyvia-Vaughan,2026-04-09,18:37:27,-07:00,2026-04-09T18:37:27-07:00,0,0
contact\index.html,12,html,2bfdcaea,Alyvia-Vaughan,2026-04-02,14:36:24,-07:00,2026-04-02T14:36:24-07:00,2,14
contact\index.html,13,html,2bfdcaea,Alyvia-Vaughan,2026-04-02,14:36:24,-07:00,2026-04-02T14:36:24-07:00,2,30
contact\index.html,14,html,3b42d916,Alyvia-Vaughan,2026-04-02,15:04:56,-07:00,2026-04-02T15:04:56-07:00,2,2
contact\index.html,15,html,3b42d916,Alyvia-Vaughan,2026-04-02,15:04:56,-07:00,2026-04-02T15:04:56-07:00,4,72
contact\index.html,16,html,3b42d916,Alyvia-Vaughan,2026-04-02,15:04:56,-07:00,2026-04-02T15:04:56-07:00,4,132
contact\index.html,17,html,3b42d916,Alyvia-Vaughan,2026-04-02,15:04:56,-07:00,2026-04-02T15:04:56-07:00,2,3
contact\index.html,18,html,2bfdcaea,Alyvia-Vaughan,2026-04-02,14:36:24,-07:00,2026-04-02T14:36:24-07:00,0,0
contact\index.html,19,html,064d27f5,Alyvia Vaughan,2026-04-17,16:50:08,-07:00,2026-04-17T16:50:08-07:00,2,39
contact\index.html,20,html,e4ba3296,Alyvia-Vaughan,2026-04-09,19:28:08,-07:00,2026-04-09T19:28:08-07:00,4,66
contact\index.html,21,html,e4ba3296,Alyvia-Vaughan,2026-04-09,19:28:08,-07:00,2026-04-09T19:28:08-07:00,4,82
contact\index.html,22,html,e4ba3296,Alyvia-Vaughan,2026-04-09,19:28:08,-07:00,2026-04-09T19:28:08-07:00,4,41
contact\index.html,23,html,ab35ecb9,Alyvia-Vaughan,2026-04-02,16:36:09,-07:00,2026-04-02T16:36:09-07:00,2,5
contact\index.html,24,html,2bfdcaea,Alyvia-Vaughan,2026-04-02,14:36:24,-07:00,2026-04-02T14:36:24-07:00,0,5
contact\index.html,25,html,2bfdcaea,Alyvia-Vaughan,2026-04-02,14:36:24,-07:00,2026-04-02T14:36:24-07:00,0,5
